// Validating benchmarks:
// ***** BenchmarkRunner: Start   *****
// ***** Found 20 benchmark(s) in total *****
// ***** Building 1 exe(s) in Parallel: Start   *****
// start dotnet  restore /p:UseSharedCompilation=false /p:BuildInParallel=false /m:1 /p:Deterministic=true /p:Optimize=true in c:\directory-git\ktits-repository-4\CinemaProject\CinemaAPI.Benchmarks\bin\Release\net8.0\473013fa-8f6c-4235-b64a-ad748298b921
// command took 3.08 sec and exited with 0
// start dotnet  build -c Release --no-restore /p:UseSharedCompilation=false /p:BuildInParallel=false /m:1 /p:Deterministic=true /p:Optimize=true in c:\directory-git\ktits-repository-4\CinemaProject\CinemaAPI.Benchmarks\bin\Release\net8.0\473013fa-8f6c-4235-b64a-ad748298b921
// command took 4.75 sec and exited with 0
// ***** Done, took 00:00:07 (7.92 sec)   *****
// Found 7 benchmarks:
//   AuthControllerBenchmarks.RegisterUser: ShortRun(InvocationCount=1, IterationCount=3, LaunchCount=1, UnrollFactor=1, WarmupCount=1)
//   AuthControllerBenchmarks.RegisterDuplicateLogin: ShortRun(InvocationCount=1, IterationCount=3, LaunchCount=1, UnrollFactor=1, WarmupCount=1)
//   AuthControllerBenchmarks.LoginUser: ShortRun(InvocationCount=1, IterationCount=3, LaunchCount=1, UnrollFactor=1, WarmupCount=1)
//   AuthControllerBenchmarks.LoginInvalidUser: ShortRun(InvocationCount=1, IterationCount=3, LaunchCount=1, UnrollFactor=1, WarmupCount=1)
//   AuthControllerBenchmarks.LoginNonExistentUser: ShortRun(InvocationCount=1, IterationCount=3, LaunchCount=1, UnrollFactor=1, WarmupCount=1)
//   AuthControllerBenchmarks.HashPassword: ShortRun(InvocationCount=1, IterationCount=3, LaunchCount=1, UnrollFactor=1, WarmupCount=1)
//   AuthControllerBenchmarks.VerifyPassword: ShortRun(InvocationCount=1, IterationCount=3, LaunchCount=1, UnrollFactor=1, WarmupCount=1)

Setup power plan (GUID: 8c5e7fda-e8bf-4a96-9a85-a6e23a8c635c FriendlyName: High performance)
// **************************
// Benchmark: AuthControllerBenchmarks.RegisterUser: ShortRun(InvocationCount=1, IterationCount=3, LaunchCount=1, UnrollFactor=1, WarmupCount=1)
// *** Execute ***
// Launch: 1 / 1
// Execute: dotnet 473013fa-8f6c-4235-b64a-ad748298b921.dll --anonymousPipes 1556 1524 --benchmarkName CinemaAPI.Benchmarks.AuthControllerBenchmarks.RegisterUser --job ShortRun --benchmarkId 0 in c:\directory-git\ktits-repository-4\CinemaProject\CinemaAPI.Benchmarks\bin\Release\net8.0\473013fa-8f6c-4235-b64a-ad748298b921\bin\Release\net8.0
// BeforeAnythingElse

// Benchmark Process Environment Information:
// BenchmarkDotNet v0.13.12
// Runtime=.NET 8.0.24 (8.0.2426.7010), X64 RyuJIT AVX2
// GC=Concurrent Workstation
// HardwareIntrinsics=AVX2,AES,BMI1,BMI2,FMA,LZCNT,PCLMUL,POPCNT VectorSize=256
// Job: ShortRun(InvocationCount=1, IterationCount=3, LaunchCount=1, UnrollFactor=1, WarmupCount=1)

OverheadJitting  1: 1 op, 226600.00 ns, 226.6000 us/op

System.Reflection.TargetInvocationException: Exception has been thrown by the target of an invocation.
 ---> System.ArgumentException: An item with the same key has already been added. Key: 1
   at System.Collections.Generic.Dictionary`2.TryInsert(TKey key, TValue value, InsertionBehavior behavior)
   at System.Collections.Generic.Dictionary`2.Add(TKey key, TValue value)
   at Microsoft.EntityFrameworkCore.InMemory.Storage.Internal.InMemoryTable`1.Create(IUpdateEntry entry, IDiagnosticsLogger`1 updateLogger)
   at Microsoft.EntityFrameworkCore.InMemory.Storage.Internal.InMemoryStore.ExecuteTransaction(IList`1 entries, IDiagnosticsLogger`1 updateLogger)
   at Microsoft.EntityFrameworkCore.InMemory.Storage.Internal.InMemoryDatabase.SaveChanges(IList`1 entries)
   at Microsoft.EntityFrameworkCore.ChangeTracking.Internal.StateManager.SaveChanges(IList`1 entriesToSave)
   at Microsoft.EntityFrameworkCore.ChangeTracking.Internal.StateManager.SaveChanges(StateManager stateManager, Boolean acceptAllChangesOnSuccess)
   at Microsoft.EntityFrameworkCore.ChangeTracking.Internal.StateManager.<>c.<SaveChanges>b__112_0(DbContext _, ValueTuple`2 t)
   at Microsoft.EntityFrameworkCore.Storage.NonRetryingExecutionStrategy.Execute[TState,TResult](TState state, Func`3 operation, Func`3 verifySucceeded)
   at Microsoft.EntityFrameworkCore.ChangeTracking.Internal.StateManager.SaveChanges(Boolean acceptAllChangesOnSuccess)
   at Microsoft.EntityFrameworkCore.DbContext.SaveChanges(Boolean acceptAllChangesOnSuccess)
   at Microsoft.EntityFrameworkCore.DbContext.SaveChanges()
   at CinemaAPI.Benchmarks.AuthControllerBenchmarks.SeedData(DatabaseContext context) in c:\directory-git\ktits-repository-4\CinemaProject\CinemaAPI.Benchmarks\AuthControllerBenchmarks.cs:line 98
   at CinemaAPI.Benchmarks.AuthControllerBenchmarks.CreateContext() in c:\directory-git\ktits-repository-4\CinemaProject\CinemaAPI.Benchmarks\AuthControllerBenchmarks.cs:line 60
   at CinemaAPI.Benchmarks.AuthControllerBenchmarks.IterationSetup() in c:\directory-git\ktits-repository-4\CinemaProject\CinemaAPI.Benchmarks\AuthControllerBenchmarks.cs:line 49
   at BenchmarkDotNet.Engines.Engine.RunIteration(IterationData data)
   at BenchmarkDotNet.Engines.EngineFactory.Jit(Engine engine, Int32 jitIndex, Int32 invokeCount, Int32 unrollFactor)
   at BenchmarkDotNet.Engines.EngineFactory.CreateReadyToRun(EngineParameters engineParameters)
   at BenchmarkDotNet.Autogenerated.Runnable_0.Run(IHost host, String benchmarkName) in c:\directory-git\ktits-repository-4\CinemaProject\CinemaAPI.Benchmarks\bin\Release\net8.0\473013fa-8f6c-4235-b64a-ad748298b921\473013fa-8f6c-4235-b64a-ad748298b921.notcs:line 181
   at System.RuntimeMethodHandle.InvokeMethod(Object target, Void** arguments, Signature sig, Boolean isConstructor)
   at System.Reflection.MethodBaseInvoker.InvokeDirectByRefWithFewArgs(Object obj, Span`1 copyOfArgs, BindingFlags invokeAttr)
   --- End of inner exception stack trace ---
   at System.Reflection.MethodBaseInvoker.InvokeDirectByRefWithFewArgs(Object obj, Span`1 copyOfArgs, BindingFlags invokeAttr)
   at System.Reflection.MethodBaseInvoker.InvokeWithFewArgs(Object obj, BindingFlags invokeAttr, Binder binder, Object[] parameters, CultureInfo culture)
   at System.Reflection.MethodBase.Invoke(Object obj, Object[] parameters)
   at BenchmarkDotNet.Autogenerated.UniqueProgramName.AfterAssemblyLoadingAttached(String[] args) in c:\directory-git\ktits-repository-4\CinemaProject\CinemaAPI.Benchmarks\bin\Release\net8.0\473013fa-8f6c-4235-b64a-ad748298b921\473013fa-8f6c-4235-b64a-ad748298b921.notcs:line 57
// AfterAll
No Workload Results were obtained from the run.
// Benchmark Process 4692 has exited with code -1.

// ** Remained 19 (95.0%) benchmark(s) to run. Estimated finish 2026-03-25 10:58 (0h 0m from now) **
Setup power plan (GUID: 8c5e7fda-e8bf-4a96-9a85-a6e23a8c635c FriendlyName: High performance)
// **************************
// Benchmark: AuthControllerBenchmarks.RegisterDuplicateLogin: ShortRun(InvocationCount=1, IterationCount=3, LaunchCount=1, UnrollFactor=1, WarmupCount=1)
// *** Execute ***
// Launch: 1 / 1
// Execute: dotnet 473013fa-8f6c-4235-b64a-ad748298b921.dll --anonymousPipes 1524 1512 --benchmarkName CinemaAPI.Benchmarks.AuthControllerBenchmarks.RegisterDuplicateLogin --job ShortRun --benchmarkId 1 in c:\directory-git\ktits-repository-4\CinemaProject\CinemaAPI.Benchmarks\bin\Release\net8.0\473013fa-8f6c-4235-b64a-ad748298b921\bin\Release\net8.0
// BeforeAnythingElse

// Benchmark Process Environment Information:
// BenchmarkDotNet v0.13.12
// Runtime=.NET 8.0.24 (8.0.2426.7010), X64 RyuJIT AVX2
// GC=Concurrent Workstation
// HardwareIntrinsics=AVX2,AES,BMI1,BMI2,FMA,LZCNT,PCLMUL,POPCNT VectorSize=256
// Job: ShortRun(InvocationCount=1, IterationCount=3, LaunchCount=1, UnrollFactor=1, WarmupCount=1)

OverheadJitting  1: 1 op, 206100.00 ns, 206.1000 us/op

System.Reflection.TargetInvocationException: Exception has been thrown by the target of an invocation.
 ---> System.ArgumentException: An item with the same key has already been added. Key: 1
   at System.Collections.Generic.Dictionary`2.TryInsert(TKey key, TValue value, InsertionBehavior behavior)
   at System.Collections.Generic.Dictionary`2.Add(TKey key, TValue value)
   at Microsoft.EntityFrameworkCore.InMemory.Storage.Internal.InMemoryTable`1.Create(IUpdateEntry entry, IDiagnosticsLogger`1 updateLogger)
   at Microsoft.EntityFrameworkCore.InMemory.Storage.Internal.InMemoryStore.ExecuteTransaction(IList`1 entries, IDiagnosticsLogger`1 updateLogger)
   at Microsoft.EntityFrameworkCore.InMemory.Storage.Internal.InMemoryDatabase.SaveChanges(IList`1 entries)
   at Microsoft.EntityFrameworkCore.ChangeTracking.Internal.StateManager.SaveChanges(IList`1 entriesToSave)
   at Microsoft.EntityFrameworkCore.ChangeTracking.Internal.StateManager.SaveChanges(StateManager stateManager, Boolean acceptAllChangesOnSuccess)
   at Microsoft.EntityFrameworkCore.ChangeTracking.Internal.StateManager.<>c.<SaveChanges>b__112_0(DbContext _, ValueTuple`2 t)
   at Microsoft.EntityFrameworkCore.Storage.NonRetryingExecutionStrategy.Execute[TState,TResult](TState state, Func`3 operation, Func`3 verifySucceeded)
   at Microsoft.EntityFrameworkCore.ChangeTracking.Internal.StateManager.SaveChanges(Boolean acceptAllChangesOnSuccess)
   at Microsoft.EntityFrameworkCore.DbContext.SaveChanges(Boolean acceptAllChangesOnSuccess)
   at Microsoft.EntityFrameworkCore.DbContext.SaveChanges()
   at CinemaAPI.Benchmarks.AuthControllerBenchmarks.SeedData(DatabaseContext context) in c:\directory-git\ktits-repository-4\CinemaProject\CinemaAPI.Benchmarks\AuthControllerBenchmarks.cs:line 98
   at CinemaAPI.Benchmarks.AuthControllerBenchmarks.CreateContext() in c:\directory-git\ktits-repository-4\CinemaProject\CinemaAPI.Benchmarks\AuthControllerBenchmarks.cs:line 60
   at CinemaAPI.Benchmarks.AuthControllerBenchmarks.IterationSetup() in c:\directory-git\ktits-repository-4\CinemaProject\CinemaAPI.Benchmarks\AuthControllerBenchmarks.cs:line 49
   at BenchmarkDotNet.Engines.Engine.RunIteration(IterationData data)
   at BenchmarkDotNet.Engines.EngineFactory.Jit(Engine engine, Int32 jitIndex, Int32 invokeCount, Int32 unrollFactor)
   at BenchmarkDotNet.Engines.EngineFactory.CreateReadyToRun(EngineParameters engineParameters)
   at BenchmarkDotNet.Autogenerated.Runnable_1.Run(IHost host, String benchmarkName) in c:\directory-git\ktits-repository-4\CinemaProject\CinemaAPI.Benchmarks\bin\Release\net8.0\473013fa-8f6c-4235-b64a-ad748298b921\473013fa-8f6c-4235-b64a-ad748298b921.notcs:line 353
   at System.RuntimeMethodHandle.InvokeMethod(Object target, Void** arguments, Signature sig, Boolean isConstructor)
   at System.Reflection.MethodBaseInvoker.InvokeDirectByRefWithFewArgs(Object obj, Span`1 copyOfArgs, BindingFlags invokeAttr)
   --- End of inner exception stack trace ---
   at System.Reflection.MethodBaseInvoker.InvokeDirectByRefWithFewArgs(Object obj, Span`1 copyOfArgs, BindingFlags invokeAttr)
   at System.Reflection.MethodBaseInvoker.InvokeWithFewArgs(Object obj, BindingFlags invokeAttr, Binder binder, Object[] parameters, CultureInfo culture)
   at System.Reflection.MethodBase.Invoke(Object obj, Object[] parameters)
   at BenchmarkDotNet.Autogenerated.UniqueProgramName.AfterAssemblyLoadingAttached(String[] args) in c:\directory-git\ktits-repository-4\CinemaProject\CinemaAPI.Benchmarks\bin\Release\net8.0\473013fa-8f6c-4235-b64a-ad748298b921\473013fa-8f6c-4235-b64a-ad748298b921.notcs:line 57
// AfterAll
No Workload Results were obtained from the run.
// Benchmark Process 3256 has exited with code -1.

// ** Remained 18 (90.0%) benchmark(s) to run. Estimated finish 2026-03-25 10:58 (0h 0m from now) **
Setup power plan (GUID: 8c5e7fda-e8bf-4a96-9a85-a6e23a8c635c FriendlyName: High performance)
// **************************
// Benchmark: AuthControllerBenchmarks.LoginUser: ShortRun(InvocationCount=1, IterationCount=3, LaunchCount=1, UnrollFactor=1, WarmupCount=1)
// *** Execute ***
// Launch: 1 / 1
// Execute: dotnet 473013fa-8f6c-4235-b64a-ad748298b921.dll --anonymousPipes 1464 1460 --benchmarkName CinemaAPI.Benchmarks.AuthControllerBenchmarks.LoginUser --job ShortRun --benchmarkId 2 in c:\directory-git\ktits-repository-4\CinemaProject\CinemaAPI.Benchmarks\bin\Release\net8.0\473013fa-8f6c-4235-b64a-ad748298b921\bin\Release\net8.0
// BeforeAnythingElse

// Benchmark Process Environment Information:
// BenchmarkDotNet v0.13.12
// Runtime=.NET 8.0.24 (8.0.2426.7010), X64 RyuJIT AVX2
// GC=Concurrent Workstation
// HardwareIntrinsics=AVX2,AES,BMI1,BMI2,FMA,LZCNT,PCLMUL,POPCNT VectorSize=256
// Job: ShortRun(InvocationCount=1, IterationCount=3, LaunchCount=1, UnrollFactor=1, WarmupCount=1)

OverheadJitting  1: 1 op, 191500.00 ns, 191.5000 us/op

System.Reflection.TargetInvocationException: Exception has been thrown by the target of an invocation.
 ---> System.ArgumentException: An item with the same key has already been added. Key: 1
   at System.Collections.Generic.Dictionary`2.TryInsert(TKey key, TValue value, InsertionBehavior behavior)
   at System.Collections.Generic.Dictionary`2.Add(TKey key, TValue value)
   at Microsoft.EntityFrameworkCore.InMemory.Storage.Internal.InMemoryTable`1.Create(IUpdateEntry entry, IDiagnosticsLogger`1 updateLogger)
   at Microsoft.EntityFrameworkCore.InMemory.Storage.Internal.InMemoryStore.ExecuteTransaction(IList`1 entries, IDiagnosticsLogger`1 updateLogger)
   at Microsoft.EntityFrameworkCore.InMemory.Storage.Internal.InMemoryDatabase.SaveChanges(IList`1 entries)
   at Microsoft.EntityFrameworkCore.ChangeTracking.Internal.StateManager.SaveChanges(IList`1 entriesToSave)
   at Microsoft.EntityFrameworkCore.ChangeTracking.Internal.StateManager.SaveChanges(StateManager stateManager, Boolean acceptAllChangesOnSuccess)
   at Microsoft.EntityFrameworkCore.ChangeTracking.Internal.StateManager.<>c.<SaveChanges>b__112_0(DbContext _, ValueTuple`2 t)
   at Microsoft.EntityFrameworkCore.Storage.NonRetryingExecutionStrategy.Execute[TState,TResult](TState state, Func`3 operation, Func`3 verifySucceeded)
   at Microsoft.EntityFrameworkCore.ChangeTracking.Internal.StateManager.SaveChanges(Boolean acceptAllChangesOnSuccess)
   at Microsoft.EntityFrameworkCore.DbContext.SaveChanges(Boolean acceptAllChangesOnSuccess)
   at Microsoft.EntityFrameworkCore.DbContext.SaveChanges()
   at CinemaAPI.Benchmarks.AuthControllerBenchmarks.SeedData(DatabaseContext context) in c:\directory-git\ktits-repository-4\CinemaProject\CinemaAPI.Benchmarks\AuthControllerBenchmarks.cs:line 98
   at CinemaAPI.Benchmarks.AuthControllerBenchmarks.CreateContext() in c:\directory-git\ktits-repository-4\CinemaProject\CinemaAPI.Benchmarks\AuthControllerBenchmarks.cs:line 60
   at CinemaAPI.Benchmarks.AuthControllerBenchmarks.IterationSetup() in c:\directory-git\ktits-repository-4\CinemaProject\CinemaAPI.Benchmarks\AuthControllerBenchmarks.cs:line 49
   at BenchmarkDotNet.Engines.Engine.RunIteration(IterationData data)
   at BenchmarkDotNet.Engines.EngineFactory.Jit(Engine engine, Int32 jitIndex, Int32 invokeCount, Int32 unrollFactor)
   at BenchmarkDotNet.Engines.EngineFactory.CreateReadyToRun(EngineParameters engineParameters)
   at BenchmarkDotNet.Autogenerated.Runnable_2.Run(IHost host, String benchmarkName) in c:\directory-git\ktits-repository-4\CinemaProject\CinemaAPI.Benchmarks\bin\Release\net8.0\473013fa-8f6c-4235-b64a-ad748298b921\473013fa-8f6c-4235-b64a-ad748298b921.notcs:line 525
   at System.RuntimeMethodHandle.InvokeMethod(Object target, Void** arguments, Signature sig, Boolean isConstructor)
   at System.Reflection.MethodBaseInvoker.InvokeDirectByRefWithFewArgs(Object obj, Span`1 copyOfArgs, BindingFlags invokeAttr)
   --- End of inner exception stack trace ---
   at System.Reflection.MethodBaseInvoker.InvokeDirectByRefWithFewArgs(Object obj, Span`1 copyOfArgs, BindingFlags invokeAttr)
   at System.Reflection.MethodBaseInvoker.InvokeWithFewArgs(Object obj, BindingFlags invokeAttr, Binder binder, Object[] parameters, CultureInfo culture)
   at System.Reflection.MethodBase.Invoke(Object obj, Object[] parameters)
   at BenchmarkDotNet.Autogenerated.UniqueProgramName.AfterAssemblyLoadingAttached(String[] args) in c:\directory-git\ktits-repository-4\CinemaProject\CinemaAPI.Benchmarks\bin\Release\net8.0\473013fa-8f6c-4235-b64a-ad748298b921\473013fa-8f6c-4235-b64a-ad748298b921.notcs:line 57
// AfterAll
No Workload Results were obtained from the run.
// Benchmark Process 18512 has exited with code -1.

// ** Remained 17 (85.0%) benchmark(s) to run. Estimated finish 2026-03-25 10:58 (0h 0m from now) **
Setup power plan (GUID: 8c5e7fda-e8bf-4a96-9a85-a6e23a8c635c FriendlyName: High performance)
// **************************
// Benchmark: AuthControllerBenchmarks.LoginInvalidUser: ShortRun(InvocationCount=1, IterationCount=3, LaunchCount=1, UnrollFactor=1, WarmupCount=1)
// *** Execute ***
// Launch: 1 / 1
// Execute: dotnet 473013fa-8f6c-4235-b64a-ad748298b921.dll --anonymousPipes 1648 1644 --benchmarkName CinemaAPI.Benchmarks.AuthControllerBenchmarks.LoginInvalidUser --job ShortRun --benchmarkId 3 in c:\directory-git\ktits-repository-4\CinemaProject\CinemaAPI.Benchmarks\bin\Release\net8.0\473013fa-8f6c-4235-b64a-ad748298b921\bin\Release\net8.0
// BeforeAnythingElse

// Benchmark Process Environment Information:
// BenchmarkDotNet v0.13.12
// Runtime=.NET 8.0.24 (8.0.2426.7010), X64 RyuJIT AVX2
// GC=Concurrent Workstation
// HardwareIntrinsics=AVX2,AES,BMI1,BMI2,FMA,LZCNT,PCLMUL,POPCNT VectorSize=256
// Job: ShortRun(InvocationCount=1, IterationCount=3, LaunchCount=1, UnrollFactor=1, WarmupCount=1)

OverheadJitting  1: 1 op, 201600.00 ns, 201.6000 us/op

System.Reflection.TargetInvocationException: Exception has been thrown by the target of an invocation.
 ---> System.ArgumentException: An item with the same key has already been added. Key: 1
   at System.Collections.Generic.Dictionary`2.TryInsert(TKey key, TValue value, InsertionBehavior behavior)
   at System.Collections.Generic.Dictionary`2.Add(TKey key, TValue value)
   at Microsoft.EntityFrameworkCore.InMemory.Storage.Internal.InMemoryTable`1.Create(IUpdateEntry entry, IDiagnosticsLogger`1 updateLogger)
   at Microsoft.EntityFrameworkCore.InMemory.Storage.Internal.InMemoryStore.ExecuteTransaction(IList`1 entries, IDiagnosticsLogger`1 updateLogger)
   at Microsoft.EntityFrameworkCore.InMemory.Storage.Internal.InMemoryDatabase.SaveChanges(IList`1 entries)
   at Microsoft.EntityFrameworkCore.ChangeTracking.Internal.StateManager.SaveChanges(IList`1 entriesToSave)
   at Microsoft.EntityFrameworkCore.ChangeTracking.Internal.StateManager.SaveChanges(StateManager stateManager, Boolean acceptAllChangesOnSuccess)
   at Microsoft.EntityFrameworkCore.ChangeTracking.Internal.StateManager.<>c.<SaveChanges>b__112_0(DbContext _, ValueTuple`2 t)
   at Microsoft.EntityFrameworkCore.Storage.NonRetryingExecutionStrategy.Execute[TState,TResult](TState state, Func`3 operation, Func`3 verifySucceeded)
   at Microsoft.EntityFrameworkCore.ChangeTracking.Internal.StateManager.SaveChanges(Boolean acceptAllChangesOnSuccess)
   at Microsoft.EntityFrameworkCore.DbContext.SaveChanges(Boolean acceptAllChangesOnSuccess)
   at Microsoft.EntityFrameworkCore.DbContext.SaveChanges()
   at CinemaAPI.Benchmarks.AuthControllerBenchmarks.SeedData(DatabaseContext context) in c:\directory-git\ktits-repository-4\CinemaProject\CinemaAPI.Benchmarks\AuthControllerBenchmarks.cs:line 98
   at CinemaAPI.Benchmarks.AuthControllerBenchmarks.CreateContext() in c:\directory-git\ktits-repository-4\CinemaProject\CinemaAPI.Benchmarks\AuthControllerBenchmarks.cs:line 60
   at CinemaAPI.Benchmarks.AuthControllerBenchmarks.IterationSetup() in c:\directory-git\ktits-repository-4\CinemaProject\CinemaAPI.Benchmarks\AuthControllerBenchmarks.cs:line 49
   at BenchmarkDotNet.Engines.Engine.RunIteration(IterationData data)
   at BenchmarkDotNet.Engines.EngineFactory.Jit(Engine engine, Int32 jitIndex, Int32 invokeCount, Int32 unrollFactor)
   at BenchmarkDotNet.Engines.EngineFactory.CreateReadyToRun(EngineParameters engineParameters)
   at BenchmarkDotNet.Autogenerated.Runnable_3.Run(IHost host, String benchmarkName) in c:\directory-git\ktits-repository-4\CinemaProject\CinemaAPI.Benchmarks\bin\Release\net8.0\473013fa-8f6c-4235-b64a-ad748298b921\473013fa-8f6c-4235-b64a-ad748298b921.notcs:line 697
   at System.RuntimeMethodHandle.InvokeMethod(Object target, Void** arguments, Signature sig, Boolean isConstructor)
   at System.Reflection.MethodBaseInvoker.InvokeDirectByRefWithFewArgs(Object obj, Span`1 copyOfArgs, BindingFlags invokeAttr)
   --- End of inner exception stack trace ---
   at System.Reflection.MethodBaseInvoker.InvokeDirectByRefWithFewArgs(Object obj, Span`1 copyOfArgs, BindingFlags invokeAttr)
   at System.Reflection.MethodBaseInvoker.InvokeWithFewArgs(Object obj, BindingFlags invokeAttr, Binder binder, Object[] parameters, CultureInfo culture)
   at System.Reflection.MethodBase.Invoke(Object obj, Object[] parameters)
   at BenchmarkDotNet.Autogenerated.UniqueProgramName.AfterAssemblyLoadingAttached(String[] args) in c:\directory-git\ktits-repository-4\CinemaProject\CinemaAPI.Benchmarks\bin\Release\net8.0\473013fa-8f6c-4235-b64a-ad748298b921\473013fa-8f6c-4235-b64a-ad748298b921.notcs:line 57
// AfterAll
No Workload Results were obtained from the run.
// Benchmark Process 21940 has exited with code -1.

// ** Remained 16 (80.0%) benchmark(s) to run. Estimated finish 2026-03-25 10:58 (0h 0m from now) **
Setup power plan (GUID: 8c5e7fda-e8bf-4a96-9a85-a6e23a8c635c FriendlyName: High performance)
// **************************
// Benchmark: AuthControllerBenchmarks.LoginNonExistentUser: ShortRun(InvocationCount=1, IterationCount=3, LaunchCount=1, UnrollFactor=1, WarmupCount=1)
// *** Execute ***
// Launch: 1 / 1
// Execute: dotnet 473013fa-8f6c-4235-b64a-ad748298b921.dll --anonymousPipes 1660 1556 --benchmarkName CinemaAPI.Benchmarks.AuthControllerBenchmarks.LoginNonExistentUser --job ShortRun --benchmarkId 4 in c:\directory-git\ktits-repository-4\CinemaProject\CinemaAPI.Benchmarks\bin\Release\net8.0\473013fa-8f6c-4235-b64a-ad748298b921\bin\Release\net8.0
// BeforeAnythingElse

// Benchmark Process Environment Information:
// BenchmarkDotNet v0.13.12
// Runtime=.NET 8.0.24 (8.0.2426.7010), X64 RyuJIT AVX2
// GC=Concurrent Workstation
// HardwareIntrinsics=AVX2,AES,BMI1,BMI2,FMA,LZCNT,PCLMUL,POPCNT VectorSize=256
// Job: ShortRun(InvocationCount=1, IterationCount=3, LaunchCount=1, UnrollFactor=1, WarmupCount=1)

OverheadJitting  1: 1 op, 200800.00 ns, 200.8000 us/op

System.Reflection.TargetInvocationException: Exception has been thrown by the target of an invocation.
 ---> System.ArgumentException: An item with the same key has already been added. Key: 1
   at System.Collections.Generic.Dictionary`2.TryInsert(TKey key, TValue value, InsertionBehavior behavior)
   at System.Collections.Generic.Dictionary`2.Add(TKey key, TValue value)
   at Microsoft.EntityFrameworkCore.InMemory.Storage.Internal.InMemoryTable`1.Create(IUpdateEntry entry, IDiagnosticsLogger`1 updateLogger)
   at Microsoft.EntityFrameworkCore.InMemory.Storage.Internal.InMemoryStore.ExecuteTransaction(IList`1 entries, IDiagnosticsLogger`1 updateLogger)
   at Microsoft.EntityFrameworkCore.InMemory.Storage.Internal.InMemoryDatabase.SaveChanges(IList`1 entries)
   at Microsoft.EntityFrameworkCore.ChangeTracking.Internal.StateManager.SaveChanges(IList`1 entriesToSave)
   at Microsoft.EntityFrameworkCore.ChangeTracking.Internal.StateManager.SaveChanges(StateManager stateManager, Boolean acceptAllChangesOnSuccess)
   at Microsoft.EntityFrameworkCore.ChangeTracking.Internal.StateManager.<>c.<SaveChanges>b__112_0(DbContext _, ValueTuple`2 t)
   at Microsoft.EntityFrameworkCore.Storage.NonRetryingExecutionStrategy.Execute[TState,TResult](TState state, Func`3 operation, Func`3 verifySucceeded)
   at Microsoft.EntityFrameworkCore.ChangeTracking.Internal.StateManager.SaveChanges(Boolean acceptAllChangesOnSuccess)
   at Microsoft.EntityFrameworkCore.DbContext.SaveChanges(Boolean acceptAllChangesOnSuccess)
   at Microsoft.EntityFrameworkCore.DbContext.SaveChanges()
   at CinemaAPI.Benchmarks.AuthControllerBenchmarks.SeedData(DatabaseContext context) in c:\directory-git\ktits-repository-4\CinemaProject\CinemaAPI.Benchmarks\AuthControllerBenchmarks.cs:line 98
   at CinemaAPI.Benchmarks.AuthControllerBenchmarks.CreateContext() in c:\directory-git\ktits-repository-4\CinemaProject\CinemaAPI.Benchmarks\AuthControllerBenchmarks.cs:line 60
   at CinemaAPI.Benchmarks.AuthControllerBenchmarks.IterationSetup() in c:\directory-git\ktits-repository-4\CinemaProject\CinemaAPI.Benchmarks\AuthControllerBenchmarks.cs:line 49
   at BenchmarkDotNet.Engines.Engine.RunIteration(IterationData data)
   at BenchmarkDotNet.Engines.EngineFactory.Jit(Engine engine, Int32 jitIndex, Int32 invokeCount, Int32 unrollFactor)
   at BenchmarkDotNet.Engines.EngineFactory.CreateReadyToRun(EngineParameters engineParameters)
   at BenchmarkDotNet.Autogenerated.Runnable_4.Run(IHost host, String benchmarkName) in c:\directory-git\ktits-repository-4\CinemaProject\CinemaAPI.Benchmarks\bin\Release\net8.0\473013fa-8f6c-4235-b64a-ad748298b921\473013fa-8f6c-4235-b64a-ad748298b921.notcs:line 869
   at System.RuntimeMethodHandle.InvokeMethod(Object target, Void** arguments, Signature sig, Boolean isConstructor)
   at System.Reflection.MethodBaseInvoker.InvokeDirectByRefWithFewArgs(Object obj, Span`1 copyOfArgs, BindingFlags invokeAttr)
   --- End of inner exception stack trace ---
   at System.Reflection.MethodBaseInvoker.InvokeDirectByRefWithFewArgs(Object obj, Span`1 copyOfArgs, BindingFlags invokeAttr)
   at System.Reflection.MethodBaseInvoker.InvokeWithFewArgs(Object obj, BindingFlags invokeAttr, Binder binder, Object[] parameters, CultureInfo culture)
   at System.Reflection.MethodBase.Invoke(Object obj, Object[] parameters)
   at BenchmarkDotNet.Autogenerated.UniqueProgramName.AfterAssemblyLoadingAttached(String[] args) in c:\directory-git\ktits-repository-4\CinemaProject\CinemaAPI.Benchmarks\bin\Release\net8.0\473013fa-8f6c-4235-b64a-ad748298b921\473013fa-8f6c-4235-b64a-ad748298b921.notcs:line 57
// AfterAll
No Workload Results were obtained from the run.
// Benchmark Process 5876 has exited with code -1.

// ** Remained 15 (75.0%) benchmark(s) to run. Estimated finish 2026-03-25 10:58 (0h 0m from now) **
Setup power plan (GUID: 8c5e7fda-e8bf-4a96-9a85-a6e23a8c635c FriendlyName: High performance)
// **************************
// Benchmark: AuthControllerBenchmarks.HashPassword: ShortRun(InvocationCount=1, IterationCount=3, LaunchCount=1, UnrollFactor=1, WarmupCount=1)
// *** Execute ***
// Launch: 1 / 1
// Execute: dotnet 473013fa-8f6c-4235-b64a-ad748298b921.dll --anonymousPipes 1660 1556 --benchmarkName CinemaAPI.Benchmarks.AuthControllerBenchmarks.HashPassword --job ShortRun --benchmarkId 5 in c:\directory-git\ktits-repository-4\CinemaProject\CinemaAPI.Benchmarks\bin\Release\net8.0\473013fa-8f6c-4235-b64a-ad748298b921\bin\Release\net8.0
// BeforeAnythingElse

// Benchmark Process Environment Information:
// BenchmarkDotNet v0.13.12
// Runtime=.NET 8.0.24 (8.0.2426.7010), X64 RyuJIT AVX2
// GC=Concurrent Workstation
// HardwareIntrinsics=AVX2,AES,BMI1,BMI2,FMA,LZCNT,PCLMUL,POPCNT VectorSize=256
// Job: ShortRun(InvocationCount=1, IterationCount=3, LaunchCount=1, UnrollFactor=1, WarmupCount=1)

OverheadJitting  1: 1 op, 204900.00 ns, 204.9000 us/op

System.Reflection.TargetInvocationException: Exception has been thrown by the target of an invocation.
 ---> System.ArgumentException: An item with the same key has already been added. Key: 1
   at System.Collections.Generic.Dictionary`2.TryInsert(TKey key, TValue value, InsertionBehavior behavior)
   at System.Collections.Generic.Dictionary`2.Add(TKey key, TValue value)
   at Microsoft.EntityFrameworkCore.InMemory.Storage.Internal.InMemoryTable`1.Create(IUpdateEntry entry, IDiagnosticsLogger`1 updateLogger)
   at Microsoft.EntityFrameworkCore.InMemory.Storage.Internal.InMemoryStore.ExecuteTransaction(IList`1 entries, IDiagnosticsLogger`1 updateLogger)
   at Microsoft.EntityFrameworkCore.InMemory.Storage.Internal.InMemoryDatabase.SaveChanges(IList`1 entries)
   at Microsoft.EntityFrameworkCore.ChangeTracking.Internal.StateManager.SaveChanges(IList`1 entriesToSave)
   at Microsoft.EntityFrameworkCore.ChangeTracking.Internal.StateManager.SaveChanges(StateManager stateManager, Boolean acceptAllChangesOnSuccess)
   at Microsoft.EntityFrameworkCore.ChangeTracking.Internal.StateManager.<>c.<SaveChanges>b__112_0(DbContext _, ValueTuple`2 t)
   at Microsoft.EntityFrameworkCore.Storage.NonRetryingExecutionStrategy.Execute[TState,TResult](TState state, Func`3 operation, Func`3 verifySucceeded)
   at Microsoft.EntityFrameworkCore.ChangeTracking.Internal.StateManager.SaveChanges(Boolean acceptAllChangesOnSuccess)
   at Microsoft.EntityFrameworkCore.DbContext.SaveChanges(Boolean acceptAllChangesOnSuccess)
   at Microsoft.EntityFrameworkCore.DbContext.SaveChanges()
   at CinemaAPI.Benchmarks.AuthControllerBenchmarks.SeedData(DatabaseContext context) in c:\directory-git\ktits-repository-4\CinemaProject\CinemaAPI.Benchmarks\AuthControllerBenchmarks.cs:line 98
   at CinemaAPI.Benchmarks.AuthControllerBenchmarks.CreateContext() in c:\directory-git\ktits-repository-4\CinemaProject\CinemaAPI.Benchmarks\AuthControllerBenchmarks.cs:line 60
   at CinemaAPI.Benchmarks.AuthControllerBenchmarks.IterationSetup() in c:\directory-git\ktits-repository-4\CinemaProject\CinemaAPI.Benchmarks\AuthControllerBenchmarks.cs:line 49
   at BenchmarkDotNet.Engines.Engine.RunIteration(IterationData data)
   at BenchmarkDotNet.Engines.EngineFactory.Jit(Engine engine, Int32 jitIndex, Int32 invokeCount, Int32 unrollFactor)
   at BenchmarkDotNet.Engines.EngineFactory.CreateReadyToRun(EngineParameters engineParameters)
   at BenchmarkDotNet.Autogenerated.Runnable_5.Run(IHost host, String benchmarkName) in c:\directory-git\ktits-repository-4\CinemaProject\CinemaAPI.Benchmarks\bin\Release\net8.0\473013fa-8f6c-4235-b64a-ad748298b921\473013fa-8f6c-4235-b64a-ad748298b921.notcs:line 1041
   at System.RuntimeMethodHandle.InvokeMethod(Object target, Void** arguments, Signature sig, Boolean isConstructor)
   at System.Reflection.MethodBaseInvoker.InvokeDirectByRefWithFewArgs(Object obj, Span`1 copyOfArgs, BindingFlags invokeAttr)
   --- End of inner exception stack trace ---
   at System.Reflection.MethodBaseInvoker.InvokeDirectByRefWithFewArgs(Object obj, Span`1 copyOfArgs, BindingFlags invokeAttr)
   at System.Reflection.MethodBaseInvoker.InvokeWithFewArgs(Object obj, BindingFlags invokeAttr, Binder binder, Object[] parameters, CultureInfo culture)
   at System.Reflection.MethodBase.Invoke(Object obj, Object[] parameters)
   at BenchmarkDotNet.Autogenerated.UniqueProgramName.AfterAssemblyLoadingAttached(String[] args) in c:\directory-git\ktits-repository-4\CinemaProject\CinemaAPI.Benchmarks\bin\Release\net8.0\473013fa-8f6c-4235-b64a-ad748298b921\473013fa-8f6c-4235-b64a-ad748298b921.notcs:line 57
// AfterAll
No Workload Results were obtained from the run.
// Benchmark Process 18640 has exited with code -1.

// ** Remained 14 (70.0%) benchmark(s) to run. Estimated finish 2026-03-25 10:58 (0h 0m from now) **
Setup power plan (GUID: 8c5e7fda-e8bf-4a96-9a85-a6e23a8c635c FriendlyName: High performance)
// **************************
// Benchmark: AuthControllerBenchmarks.VerifyPassword: ShortRun(InvocationCount=1, IterationCount=3, LaunchCount=1, UnrollFactor=1, WarmupCount=1)
// *** Execute ***
// Launch: 1 / 1
// Execute: dotnet 473013fa-8f6c-4235-b64a-ad748298b921.dll --anonymousPipes 1696 1692 --benchmarkName CinemaAPI.Benchmarks.AuthControllerBenchmarks.VerifyPassword --job ShortRun --benchmarkId 6 in c:\directory-git\ktits-repository-4\CinemaProject\CinemaAPI.Benchmarks\bin\Release\net8.0\473013fa-8f6c-4235-b64a-ad748298b921\bin\Release\net8.0
// BeforeAnythingElse

// Benchmark Process Environment Information:
// BenchmarkDotNet v0.13.12
// Runtime=.NET 8.0.24 (8.0.2426.7010), X64 RyuJIT AVX2
// GC=Concurrent Workstation
// HardwareIntrinsics=AVX2,AES,BMI1,BMI2,FMA,LZCNT,PCLMUL,POPCNT VectorSize=256
// Job: ShortRun(InvocationCount=1, IterationCount=3, LaunchCount=1, UnrollFactor=1, WarmupCount=1)

OverheadJitting  1: 1 op, 264100.00 ns, 264.1000 us/op

System.Reflection.TargetInvocationException: Exception has been thrown by the target of an invocation.
 ---> System.ArgumentException: An item with the same key has already been added. Key: 1
   at System.Collections.Generic.Dictionary`2.TryInsert(TKey key, TValue value, InsertionBehavior behavior)
   at System.Collections.Generic.Dictionary`2.Add(TKey key, TValue value)
   at Microsoft.EntityFrameworkCore.InMemory.Storage.Internal.InMemoryTable`1.Create(IUpdateEntry entry, IDiagnosticsLogger`1 updateLogger)
   at Microsoft.EntityFrameworkCore.InMemory.Storage.Internal.InMemoryStore.ExecuteTransaction(IList`1 entries, IDiagnosticsLogger`1 updateLogger)
   at Microsoft.EntityFrameworkCore.InMemory.Storage.Internal.InMemoryDatabase.SaveChanges(IList`1 entries)
   at Microsoft.EntityFrameworkCore.ChangeTracking.Internal.StateManager.SaveChanges(IList`1 entriesToSave)
   at Microsoft.EntityFrameworkCore.ChangeTracking.Internal.StateManager.SaveChanges(StateManager stateManager, Boolean acceptAllChangesOnSuccess)
   at Microsoft.EntityFrameworkCore.ChangeTracking.Internal.StateManager.<>c.<SaveChanges>b__112_0(DbContext _, ValueTuple`2 t)
   at Microsoft.EntityFrameworkCore.Storage.NonRetryingExecutionStrategy.Execute[TState,TResult](TState state, Func`3 operation, Func`3 verifySucceeded)
   at Microsoft.EntityFrameworkCore.ChangeTracking.Internal.StateManager.SaveChanges(Boolean acceptAllChangesOnSuccess)
   at Microsoft.EntityFrameworkCore.DbContext.SaveChanges(Boolean acceptAllChangesOnSuccess)
   at Microsoft.EntityFrameworkCore.DbContext.SaveChanges()
   at CinemaAPI.Benchmarks.AuthControllerBenchmarks.SeedData(DatabaseContext context) in c:\directory-git\ktits-repository-4\CinemaProject\CinemaAPI.Benchmarks\AuthControllerBenchmarks.cs:line 98
   at CinemaAPI.Benchmarks.AuthControllerBenchmarks.CreateContext() in c:\directory-git\ktits-repository-4\CinemaProject\CinemaAPI.Benchmarks\AuthControllerBenchmarks.cs:line 60
   at CinemaAPI.Benchmarks.AuthControllerBenchmarks.IterationSetup() in c:\directory-git\ktits-repository-4\CinemaProject\CinemaAPI.Benchmarks\AuthControllerBenchmarks.cs:line 49
   at BenchmarkDotNet.Engines.Engine.RunIteration(IterationData data)
   at BenchmarkDotNet.Engines.EngineFactory.Jit(Engine engine, Int32 jitIndex, Int32 invokeCount, Int32 unrollFactor)
   at BenchmarkDotNet.Engines.EngineFactory.CreateReadyToRun(EngineParameters engineParameters)
   at BenchmarkDotNet.Autogenerated.Runnable_6.Run(IHost host, String benchmarkName) in c:\directory-git\ktits-repository-4\CinemaProject\CinemaAPI.Benchmarks\bin\Release\net8.0\473013fa-8f6c-4235-b64a-ad748298b921\473013fa-8f6c-4235-b64a-ad748298b921.notcs:line 1213
   at System.RuntimeMethodHandle.InvokeMethod(Object target, Void** arguments, Signature sig, Boolean isConstructor)
   at System.Reflection.MethodBaseInvoker.InvokeDirectByRefWithFewArgs(Object obj, Span`1 copyOfArgs, BindingFlags invokeAttr)
   --- End of inner exception stack trace ---
   at System.Reflection.MethodBaseInvoker.InvokeDirectByRefWithFewArgs(Object obj, Span`1 copyOfArgs, BindingFlags invokeAttr)
   at System.Reflection.MethodBaseInvoker.InvokeWithFewArgs(Object obj, BindingFlags invokeAttr, Binder binder, Object[] parameters, CultureInfo culture)
   at System.Reflection.MethodBase.Invoke(Object obj, Object[] parameters)
   at BenchmarkDotNet.Autogenerated.UniqueProgramName.AfterAssemblyLoadingAttached(String[] args) in c:\directory-git\ktits-repository-4\CinemaProject\CinemaAPI.Benchmarks\bin\Release\net8.0\473013fa-8f6c-4235-b64a-ad748298b921\473013fa-8f6c-4235-b64a-ad748298b921.notcs:line 57
// AfterAll
No Workload Results were obtained from the run.
// Benchmark Process 3132 has exited with code -1.

// ** Remained 13 (65.0%) benchmark(s) to run. Estimated finish 2026-03-25 10:58 (0h 0m from now) **
Successfully reverted power plan (GUID: 8c5e7fda-e8bf-4a96-9a85-a6e23a8c635c FriendlyName: High performance)
// ***** BenchmarkRunner: Finish  *****

// * Export *
  BenchmarkDotNet.Artifacts\results\CinemaAPI.Benchmarks.AuthControllerBenchmarks-report.csv
  BenchmarkDotNet.Artifacts\results\CinemaAPI.Benchmarks.AuthControllerBenchmarks-report-github.md
  BenchmarkDotNet.Artifacts\results\CinemaAPI.Benchmarks.AuthControllerBenchmarks-report.html
  BenchmarkDotNet.Artifacts\results\CinemaAPI.Benchmarks.AuthControllerBenchmarks-report-default.md

// * Detailed results *
AuthControllerBenchmarks.RegisterUser: ShortRun(InvocationCount=1, IterationCount=3, LaunchCount=1, UnrollFactor=1, WarmupCount=1)
Runtime = .NET 8.0.24 (8.0.2426.7010), X64 RyuJIT AVX2; GC = Concurrent Workstation
There are not any results runs

AuthControllerBenchmarks.RegisterDuplicateLogin: ShortRun(InvocationCount=1, IterationCount=3, LaunchCount=1, UnrollFactor=1, WarmupCount=1)
Runtime = .NET 8.0.24 (8.0.2426.7010), X64 RyuJIT AVX2; GC = Concurrent Workstation
There are not any results runs

AuthControllerBenchmarks.LoginUser: ShortRun(InvocationCount=1, IterationCount=3, LaunchCount=1, UnrollFactor=1, WarmupCount=1)
Runtime = .NET 8.0.24 (8.0.2426.7010), X64 RyuJIT AVX2; GC = Concurrent Workstation
There are not any results runs

AuthControllerBenchmarks.LoginInvalidUser: ShortRun(InvocationCount=1, IterationCount=3, LaunchCount=1, UnrollFactor=1, WarmupCount=1)
Runtime = .NET 8.0.24 (8.0.2426.7010), X64 RyuJIT AVX2; GC = Concurrent Workstation
There are not any results runs

AuthControllerBenchmarks.LoginNonExistentUser: ShortRun(InvocationCount=1, IterationCount=3, LaunchCount=1, UnrollFactor=1, WarmupCount=1)
Runtime = .NET 8.0.24 (8.0.2426.7010), X64 RyuJIT AVX2; GC = Concurrent Workstation
There are not any results runs

AuthControllerBenchmarks.HashPassword: ShortRun(InvocationCount=1, IterationCount=3, LaunchCount=1, UnrollFactor=1, WarmupCount=1)
Runtime = .NET 8.0.24 (8.0.2426.7010), X64 RyuJIT AVX2; GC = Concurrent Workstation
There are not any results runs

AuthControllerBenchmarks.VerifyPassword: ShortRun(InvocationCount=1, IterationCount=3, LaunchCount=1, UnrollFactor=1, WarmupCount=1)
Runtime = .NET 8.0.24 (8.0.2426.7010), X64 RyuJIT AVX2; GC = Concurrent Workstation
There are not any results runs

// * Summary *

BenchmarkDotNet v0.13.12, Windows 11 (10.0.22631.6199/23H2/2023Update/SunValley3)
AMD Ryzen 5 5600H with Radeon Graphics, 1 CPU, 12 logical and 6 physical cores
.NET SDK 10.0.103
  [Host]   : .NET 8.0.24 (8.0.2426.7010), X64 RyuJIT AVX2
  ShortRun : .NET 8.0.24 (8.0.2426.7010), X64 RyuJIT AVX2

Job=ShortRun  InvocationCount=1  IterationCount=3  
LaunchCount=1  UnrollFactor=1  WarmupCount=1  

| Method                 | Mean | Error |
|----------------------- |-----:|------:|
| RegisterUser           |   NA |    NA |
| RegisterDuplicateLogin |   NA |    NA |
| LoginUser              |   NA |    NA |
| LoginInvalidUser       |   NA |    NA |
| LoginNonExistentUser   |   NA |    NA |
| HashPassword           |   NA |    NA |
| VerifyPassword         |   NA |    NA |

Benchmarks with issues:
  AuthControllerBenchmarks.RegisterUser: ShortRun(InvocationCount=1, IterationCount=3, LaunchCount=1, UnrollFactor=1, WarmupCount=1)
  AuthControllerBenchmarks.RegisterDuplicateLogin: ShortRun(InvocationCount=1, IterationCount=3, LaunchCount=1, UnrollFactor=1, WarmupCount=1)
  AuthControllerBenchmarks.LoginUser: ShortRun(InvocationCount=1, IterationCount=3, LaunchCount=1, UnrollFactor=1, WarmupCount=1)
  AuthControllerBenchmarks.LoginInvalidUser: ShortRun(InvocationCount=1, IterationCount=3, LaunchCount=1, UnrollFactor=1, WarmupCount=1)
  AuthControllerBenchmarks.LoginNonExistentUser: ShortRun(InvocationCount=1, IterationCount=3, LaunchCount=1, UnrollFactor=1, WarmupCount=1)
  AuthControllerBenchmarks.HashPassword: ShortRun(InvocationCount=1, IterationCount=3, LaunchCount=1, UnrollFactor=1, WarmupCount=1)
  AuthControllerBenchmarks.VerifyPassword: ShortRun(InvocationCount=1, IterationCount=3, LaunchCount=1, UnrollFactor=1, WarmupCount=1)

// * Warnings *
Environment
  Summary -> Detected error exit code from one of the benchmarks. It might be caused by following antivirus software:
        - Windows Defender (windowsdefender://)
Use InProcessEmitToolchain or InProcessNoEmitToolchain to avoid new process creation.

// * Config Issues *

// * Warnings *
Configuration
  Summary -> The exporter MarkdownExporter-github is already present in configuration. There may be unexpected results.
  Summary -> The exporter HtmlExporter is already present in configuration. There may be unexpected results.
  Summary -> The exporter HtmlExporter is already present in configuration. There may be unexpected results.

// * Legends *
  Mean  : Arithmetic mean of all measurements
  Error : Half of 99.9% confidence interval
  1 ns  : 1 Nanosecond (0.000000001 sec)

// * Diagnostic Output - MemoryDiagnoser *


// ***** BenchmarkRunner: End *****
Run time: 00:00:04 (4.89 sec), executed benchmarks: 7

// Found 7 benchmarks:
//   FilmsControllerBenchmarks.GetAllFilms: ShortRun(InvocationCount=1, IterationCount=3, LaunchCount=1, UnrollFactor=1, WarmupCount=1)
//   FilmsControllerBenchmarks.GetFilmsSortedByRating: ShortRun(InvocationCount=1, IterationCount=3, LaunchCount=1, UnrollFactor=1, WarmupCount=1)
//   FilmsControllerBenchmarks.GetFilmsSortedByRatingDesc: ShortRun(InvocationCount=1, IterationCount=3, LaunchCount=1, UnrollFactor=1, WarmupCount=1)
//   FilmsControllerBenchmarks.GetFilmsByGenre: ShortRun(InvocationCount=1, IterationCount=3, LaunchCount=1, UnrollFactor=1, WarmupCount=1)
//   FilmsControllerBenchmarks.GetFilmsBySearch: ShortRun(InvocationCount=1, IterationCount=3, LaunchCount=1, UnrollFactor=1, WarmupCount=1)
//   FilmsControllerBenchmarks.GetFilmById: ShortRun(InvocationCount=1, IterationCount=3, LaunchCount=1, UnrollFactor=1, WarmupCount=1)
//   FilmsControllerBenchmarks.GetAverageRating: ShortRun(InvocationCount=1, IterationCount=3, LaunchCount=1, UnrollFactor=1, WarmupCount=1)

Setup power plan (GUID: 8c5e7fda-e8bf-4a96-9a85-a6e23a8c635c FriendlyName: High performance)
// **************************
// Benchmark: FilmsControllerBenchmarks.GetAllFilms: ShortRun(InvocationCount=1, IterationCount=3, LaunchCount=1, UnrollFactor=1, WarmupCount=1)
// *** Execute ***
// Launch: 1 / 1
// Execute: dotnet 473013fa-8f6c-4235-b64a-ad748298b921.dll --anonymousPipes 1800 1796 --benchmarkName CinemaAPI.Benchmarks.FilmsControllerBenchmarks.GetAllFilms --job ShortRun --benchmarkId 7 in c:\directory-git\ktits-repository-4\CinemaProject\CinemaAPI.Benchmarks\bin\Release\net8.0\473013fa-8f6c-4235-b64a-ad748298b921\bin\Release\net8.0
// BeforeAnythingElse

// Benchmark Process Environment Information:
// BenchmarkDotNet v0.13.12
// Runtime=.NET 8.0.24 (8.0.2426.7010), X64 RyuJIT AVX2
// GC=Concurrent Workstation
// HardwareIntrinsics=AVX2,AES,BMI1,BMI2,FMA,LZCNT,PCLMUL,POPCNT VectorSize=256
// Job: ShortRun(InvocationCount=1, IterationCount=3, LaunchCount=1, UnrollFactor=1, WarmupCount=1)

OverheadJitting  1: 1 op, 265500.00 ns, 265.5000 us/op

System.Reflection.TargetInvocationException: Exception has been thrown by the target of an invocation.
 ---> System.ArgumentException: An item with the same key has already been added. Key: 1
   at System.Collections.Generic.Dictionary`2.TryInsert(TKey key, TValue value, InsertionBehavior behavior)
   at System.Collections.Generic.Dictionary`2.Add(TKey key, TValue value)
   at Microsoft.EntityFrameworkCore.InMemory.Storage.Internal.InMemoryTable`1.Create(IUpdateEntry entry, IDiagnosticsLogger`1 updateLogger)
   at Microsoft.EntityFrameworkCore.InMemory.Storage.Internal.InMemoryStore.ExecuteTransaction(IList`1 entries, IDiagnosticsLogger`1 updateLogger)
   at Microsoft.EntityFrameworkCore.InMemory.Storage.Internal.InMemoryDatabase.SaveChanges(IList`1 entries)
   at Microsoft.EntityFrameworkCore.ChangeTracking.Internal.StateManager.SaveChanges(IList`1 entriesToSave)
   at Microsoft.EntityFrameworkCore.ChangeTracking.Internal.StateManager.SaveChanges(StateManager stateManager, Boolean acceptAllChangesOnSuccess)
   at Microsoft.EntityFrameworkCore.ChangeTracking.Internal.StateManager.<>c.<SaveChanges>b__112_0(DbContext _, ValueTuple`2 t)
   at Microsoft.EntityFrameworkCore.Storage.NonRetryingExecutionStrategy.Execute[TState,TResult](TState state, Func`3 operation, Func`3 verifySucceeded)
   at Microsoft.EntityFrameworkCore.ChangeTracking.Internal.StateManager.SaveChanges(Boolean acceptAllChangesOnSuccess)
   at Microsoft.EntityFrameworkCore.DbContext.SaveChanges(Boolean acceptAllChangesOnSuccess)
   at Microsoft.EntityFrameworkCore.DbContext.SaveChanges()
   at CinemaAPI.Benchmarks.FilmsControllerBenchmarks.SeedData(DatabaseContext context) in c:\directory-git\ktits-repository-4\CinemaProject\CinemaAPI.Benchmarks\FilmsControllerBenchmarks.cs:line 127
   at CinemaAPI.Benchmarks.FilmsControllerBenchmarks.CreateContext() in c:\directory-git\ktits-repository-4\CinemaProject\CinemaAPI.Benchmarks\FilmsControllerBenchmarks.cs:line 37
   at CinemaAPI.Benchmarks.FilmsControllerBenchmarks.IterationSetup() in c:\directory-git\ktits-repository-4\CinemaProject\CinemaAPI.Benchmarks\FilmsControllerBenchmarks.cs:line 46
   at BenchmarkDotNet.Engines.Engine.RunIteration(IterationData data)
   at BenchmarkDotNet.Engines.EngineFactory.Jit(Engine engine, Int32 jitIndex, Int32 invokeCount, Int32 unrollFactor)
   at BenchmarkDotNet.Engines.EngineFactory.CreateReadyToRun(EngineParameters engineParameters)
   at BenchmarkDotNet.Autogenerated.Runnable_7.Run(IHost host, String benchmarkName) in c:\directory-git\ktits-repository-4\CinemaProject\CinemaAPI.Benchmarks\bin\Release\net8.0\473013fa-8f6c-4235-b64a-ad748298b921\473013fa-8f6c-4235-b64a-ad748298b921.notcs:line 1385
   at System.RuntimeMethodHandle.InvokeMethod(Object target, Void** arguments, Signature sig, Boolean isConstructor)
   at System.Reflection.MethodBaseInvoker.InvokeDirectByRefWithFewArgs(Object obj, Span`1 copyOfArgs, BindingFlags invokeAttr)
   --- End of inner exception stack trace ---
   at System.Reflection.MethodBaseInvoker.InvokeDirectByRefWithFewArgs(Object obj, Span`1 copyOfArgs, BindingFlags invokeAttr)
   at System.Reflection.MethodBaseInvoker.InvokeWithFewArgs(Object obj, BindingFlags invokeAttr, Binder binder, Object[] parameters, CultureInfo culture)
   at System.Reflection.MethodBase.Invoke(Object obj, Object[] parameters)
   at BenchmarkDotNet.Autogenerated.UniqueProgramName.AfterAssemblyLoadingAttached(String[] args) in c:\directory-git\ktits-repository-4\CinemaProject\CinemaAPI.Benchmarks\bin\Release\net8.0\473013fa-8f6c-4235-b64a-ad748298b921\473013fa-8f6c-4235-b64a-ad748298b921.notcs:line 57
// AfterAll
No Workload Results were obtained from the run.
// Benchmark Process 15704 has exited with code -1.

// ** Remained 12 (60.0%) benchmark(s) to run. Estimated finish 2026-03-25 10:58 (0h 0m from now) **
Setup power plan (GUID: 8c5e7fda-e8bf-4a96-9a85-a6e23a8c635c FriendlyName: High performance)
// **************************
// Benchmark: FilmsControllerBenchmarks.GetFilmsSortedByRating: ShortRun(InvocationCount=1, IterationCount=3, LaunchCount=1, UnrollFactor=1, WarmupCount=1)
// *** Execute ***
// Launch: 1 / 1
// Execute: dotnet 473013fa-8f6c-4235-b64a-ad748298b921.dll --anonymousPipes 1388 1792 --benchmarkName CinemaAPI.Benchmarks.FilmsControllerBenchmarks.GetFilmsSortedByRating --job ShortRun --benchmarkId 8 in c:\directory-git\ktits-repository-4\CinemaProject\CinemaAPI.Benchmarks\bin\Release\net8.0\473013fa-8f6c-4235-b64a-ad748298b921\bin\Release\net8.0
// BeforeAnythingElse

// Benchmark Process Environment Information:
// BenchmarkDotNet v0.13.12
// Runtime=.NET 8.0.24 (8.0.2426.7010), X64 RyuJIT AVX2
// GC=Concurrent Workstation
// HardwareIntrinsics=AVX2,AES,BMI1,BMI2,FMA,LZCNT,PCLMUL,POPCNT VectorSize=256
// Job: ShortRun(InvocationCount=1, IterationCount=3, LaunchCount=1, UnrollFactor=1, WarmupCount=1)

OverheadJitting  1: 1 op, 327200.00 ns, 327.2000 us/op

System.Reflection.TargetInvocationException: Exception has been thrown by the target of an invocation.
 ---> System.ArgumentException: An item with the same key has already been added. Key: 1
   at System.Collections.Generic.Dictionary`2.TryInsert(TKey key, TValue value, InsertionBehavior behavior)
   at System.Collections.Generic.Dictionary`2.Add(TKey key, TValue value)
   at Microsoft.EntityFrameworkCore.InMemory.Storage.Internal.InMemoryTable`1.Create(IUpdateEntry entry, IDiagnosticsLogger`1 updateLogger)
   at Microsoft.EntityFrameworkCore.InMemory.Storage.Internal.InMemoryStore.ExecuteTransaction(IList`1 entries, IDiagnosticsLogger`1 updateLogger)
   at Microsoft.EntityFrameworkCore.InMemory.Storage.Internal.InMemoryDatabase.SaveChanges(IList`1 entries)
   at Microsoft.EntityFrameworkCore.ChangeTracking.Internal.StateManager.SaveChanges(IList`1 entriesToSave)
   at Microsoft.EntityFrameworkCore.ChangeTracking.Internal.StateManager.SaveChanges(StateManager stateManager, Boolean acceptAllChangesOnSuccess)
   at Microsoft.EntityFrameworkCore.ChangeTracking.Internal.StateManager.<>c.<SaveChanges>b__112_0(DbContext _, ValueTuple`2 t)
   at Microsoft.EntityFrameworkCore.Storage.NonRetryingExecutionStrategy.Execute[TState,TResult](TState state, Func`3 operation, Func`3 verifySucceeded)
   at Microsoft.EntityFrameworkCore.ChangeTracking.Internal.StateManager.SaveChanges(Boolean acceptAllChangesOnSuccess)
   at Microsoft.EntityFrameworkCore.DbContext.SaveChanges(Boolean acceptAllChangesOnSuccess)
   at Microsoft.EntityFrameworkCore.DbContext.SaveChanges()
   at CinemaAPI.Benchmarks.FilmsControllerBenchmarks.SeedData(DatabaseContext context) in c:\directory-git\ktits-repository-4\CinemaProject\CinemaAPI.Benchmarks\FilmsControllerBenchmarks.cs:line 127
   at CinemaAPI.Benchmarks.FilmsControllerBenchmarks.CreateContext() in c:\directory-git\ktits-repository-4\CinemaProject\CinemaAPI.Benchmarks\FilmsControllerBenchmarks.cs:line 37
   at CinemaAPI.Benchmarks.FilmsControllerBenchmarks.IterationSetup() in c:\directory-git\ktits-repository-4\CinemaProject\CinemaAPI.Benchmarks\FilmsControllerBenchmarks.cs:line 46
   at BenchmarkDotNet.Engines.Engine.RunIteration(IterationData data)
   at BenchmarkDotNet.Engines.EngineFactory.Jit(Engine engine, Int32 jitIndex, Int32 invokeCount, Int32 unrollFactor)
   at BenchmarkDotNet.Engines.EngineFactory.CreateReadyToRun(EngineParameters engineParameters)
   at BenchmarkDotNet.Autogenerated.Runnable_8.Run(IHost host, String benchmarkName) in c:\directory-git\ktits-repository-4\CinemaProject\CinemaAPI.Benchmarks\bin\Release\net8.0\473013fa-8f6c-4235-b64a-ad748298b921\473013fa-8f6c-4235-b64a-ad748298b921.notcs:line 1557
   at System.RuntimeMethodHandle.InvokeMethod(Object target, Void** arguments, Signature sig, Boolean isConstructor)
   at System.Reflection.MethodBaseInvoker.InvokeDirectByRefWithFewArgs(Object obj, Span`1 copyOfArgs, BindingFlags invokeAttr)
   --- End of inner exception stack trace ---
   at System.Reflection.MethodBaseInvoker.InvokeDirectByRefWithFewArgs(Object obj, Span`1 copyOfArgs, BindingFlags invokeAttr)
   at System.Reflection.MethodBaseInvoker.InvokeWithFewArgs(Object obj, BindingFlags invokeAttr, Binder binder, Object[] parameters, CultureInfo culture)
   at System.Reflection.MethodBase.Invoke(Object obj, Object[] parameters)
   at BenchmarkDotNet.Autogenerated.UniqueProgramName.AfterAssemblyLoadingAttached(String[] args) in c:\directory-git\ktits-repository-4\CinemaProject\CinemaAPI.Benchmarks\bin\Release\net8.0\473013fa-8f6c-4235-b64a-ad748298b921\473013fa-8f6c-4235-b64a-ad748298b921.notcs:line 57
// AfterAll
No Workload Results were obtained from the run.
// Benchmark Process 18072 has exited with code -1.

// ** Remained 11 (55.0%) benchmark(s) to run. Estimated finish 2026-03-25 10:58 (0h 0m from now) **
Setup power plan (GUID: 8c5e7fda-e8bf-4a96-9a85-a6e23a8c635c FriendlyName: High performance)
// **************************
// Benchmark: FilmsControllerBenchmarks.GetFilmsSortedByRatingDesc: ShortRun(InvocationCount=1, IterationCount=3, LaunchCount=1, UnrollFactor=1, WarmupCount=1)
// *** Execute ***
// Launch: 1 / 1
// Execute: dotnet 473013fa-8f6c-4235-b64a-ad748298b921.dll --anonymousPipes 1500 1676 --benchmarkName CinemaAPI.Benchmarks.FilmsControllerBenchmarks.GetFilmsSortedByRatingDesc --job ShortRun --benchmarkId 9 in c:\directory-git\ktits-repository-4\CinemaProject\CinemaAPI.Benchmarks\bin\Release\net8.0\473013fa-8f6c-4235-b64a-ad748298b921\bin\Release\net8.0
// BeforeAnythingElse

// Benchmark Process Environment Information:
// BenchmarkDotNet v0.13.12
// Runtime=.NET 8.0.24 (8.0.2426.7010), X64 RyuJIT AVX2
// GC=Concurrent Workstation
// HardwareIntrinsics=AVX2,AES,BMI1,BMI2,FMA,LZCNT,PCLMUL,POPCNT VectorSize=256
// Job: ShortRun(InvocationCount=1, IterationCount=3, LaunchCount=1, UnrollFactor=1, WarmupCount=1)

OverheadJitting  1: 1 op, 236300.00 ns, 236.3000 us/op

System.Reflection.TargetInvocationException: Exception has been thrown by the target of an invocation.
 ---> System.ArgumentException: An item with the same key has already been added. Key: 1
   at System.Collections.Generic.Dictionary`2.TryInsert(TKey key, TValue value, InsertionBehavior behavior)
   at System.Collections.Generic.Dictionary`2.Add(TKey key, TValue value)
   at Microsoft.EntityFrameworkCore.InMemory.Storage.Internal.InMemoryTable`1.Create(IUpdateEntry entry, IDiagnosticsLogger`1 updateLogger)
   at Microsoft.EntityFrameworkCore.InMemory.Storage.Internal.InMemoryStore.ExecuteTransaction(IList`1 entries, IDiagnosticsLogger`1 updateLogger)
   at Microsoft.EntityFrameworkCore.InMemory.Storage.Internal.InMemoryDatabase.SaveChanges(IList`1 entries)
   at Microsoft.EntityFrameworkCore.ChangeTracking.Internal.StateManager.SaveChanges(IList`1 entriesToSave)
   at Microsoft.EntityFrameworkCore.ChangeTracking.Internal.StateManager.SaveChanges(StateManager stateManager, Boolean acceptAllChangesOnSuccess)
   at Microsoft.EntityFrameworkCore.ChangeTracking.Internal.StateManager.<>c.<SaveChanges>b__112_0(DbContext _, ValueTuple`2 t)
   at Microsoft.EntityFrameworkCore.Storage.NonRetryingExecutionStrategy.Execute[TState,TResult](TState state, Func`3 operation, Func`3 verifySucceeded)
   at Microsoft.EntityFrameworkCore.ChangeTracking.Internal.StateManager.SaveChanges(Boolean acceptAllChangesOnSuccess)
   at Microsoft.EntityFrameworkCore.DbContext.SaveChanges(Boolean acceptAllChangesOnSuccess)
   at Microsoft.EntityFrameworkCore.DbContext.SaveChanges()
   at CinemaAPI.Benchmarks.FilmsControllerBenchmarks.SeedData(DatabaseContext context) in c:\directory-git\ktits-repository-4\CinemaProject\CinemaAPI.Benchmarks\FilmsControllerBenchmarks.cs:line 127
   at CinemaAPI.Benchmarks.FilmsControllerBenchmarks.CreateContext() in c:\directory-git\ktits-repository-4\CinemaProject\CinemaAPI.Benchmarks\FilmsControllerBenchmarks.cs:line 37
   at CinemaAPI.Benchmarks.FilmsControllerBenchmarks.IterationSetup() in c:\directory-git\ktits-repository-4\CinemaProject\CinemaAPI.Benchmarks\FilmsControllerBenchmarks.cs:line 46
   at BenchmarkDotNet.Engines.Engine.RunIteration(IterationData data)
   at BenchmarkDotNet.Engines.EngineFactory.Jit(Engine engine, Int32 jitIndex, Int32 invokeCount, Int32 unrollFactor)
   at BenchmarkDotNet.Engines.EngineFactory.CreateReadyToRun(EngineParameters engineParameters)
   at BenchmarkDotNet.Autogenerated.Runnable_9.Run(IHost host, String benchmarkName) in c:\directory-git\ktits-repository-4\CinemaProject\CinemaAPI.Benchmarks\bin\Release\net8.0\473013fa-8f6c-4235-b64a-ad748298b921\473013fa-8f6c-4235-b64a-ad748298b921.notcs:line 1729
   at System.RuntimeMethodHandle.InvokeMethod(Object target, Void** arguments, Signature sig, Boolean isConstructor)
   at System.Reflection.MethodBaseInvoker.InvokeDirectByRefWithFewArgs(Object obj, Span`1 copyOfArgs, BindingFlags invokeAttr)
   --- End of inner exception stack trace ---
   at System.Reflection.MethodBaseInvoker.InvokeDirectByRefWithFewArgs(Object obj, Span`1 copyOfArgs, BindingFlags invokeAttr)
   at System.Reflection.MethodBaseInvoker.InvokeWithFewArgs(Object obj, BindingFlags invokeAttr, Binder binder, Object[] parameters, CultureInfo culture)
   at System.Reflection.MethodBase.Invoke(Object obj, Object[] parameters)
   at BenchmarkDotNet.Autogenerated.UniqueProgramName.AfterAssemblyLoadingAttached(String[] args) in c:\directory-git\ktits-repository-4\CinemaProject\CinemaAPI.Benchmarks\bin\Release\net8.0\473013fa-8f6c-4235-b64a-ad748298b921\473013fa-8f6c-4235-b64a-ad748298b921.notcs:line 57
// AfterAll
No Workload Results were obtained from the run.
// Benchmark Process 3104 has exited with code -1.

// ** Remained 10 (50.0%) benchmark(s) to run. Estimated finish 2026-03-25 10:58 (0h 0m from now) **
Setup power plan (GUID: 8c5e7fda-e8bf-4a96-9a85-a6e23a8c635c FriendlyName: High performance)
// **************************
// Benchmark: FilmsControllerBenchmarks.GetFilmsByGenre: ShortRun(InvocationCount=1, IterationCount=3, LaunchCount=1, UnrollFactor=1, WarmupCount=1)
// *** Execute ***
// Launch: 1 / 1
// Execute: dotnet 473013fa-8f6c-4235-b64a-ad748298b921.dll --anonymousPipes 1844 1764 --benchmarkName CinemaAPI.Benchmarks.FilmsControllerBenchmarks.GetFilmsByGenre --job ShortRun --benchmarkId 10 in c:\directory-git\ktits-repository-4\CinemaProject\CinemaAPI.Benchmarks\bin\Release\net8.0\473013fa-8f6c-4235-b64a-ad748298b921\bin\Release\net8.0
// BeforeAnythingElse

// Benchmark Process Environment Information:
// BenchmarkDotNet v0.13.12
// Runtime=.NET 8.0.24 (8.0.2426.7010), X64 RyuJIT AVX2
// GC=Concurrent Workstation
// HardwareIntrinsics=AVX2,AES,BMI1,BMI2,FMA,LZCNT,PCLMUL,POPCNT VectorSize=256
// Job: ShortRun(InvocationCount=1, IterationCount=3, LaunchCount=1, UnrollFactor=1, WarmupCount=1)

OverheadJitting  1: 1 op, 287200.00 ns, 287.2000 us/op

System.Reflection.TargetInvocationException: Exception has been thrown by the target of an invocation.
 ---> System.ArgumentException: An item with the same key has already been added. Key: 1
   at System.Collections.Generic.Dictionary`2.TryInsert(TKey key, TValue value, InsertionBehavior behavior)
   at System.Collections.Generic.Dictionary`2.Add(TKey key, TValue value)
   at Microsoft.EntityFrameworkCore.InMemory.Storage.Internal.InMemoryTable`1.Create(IUpdateEntry entry, IDiagnosticsLogger`1 updateLogger)
   at Microsoft.EntityFrameworkCore.InMemory.Storage.Internal.InMemoryStore.ExecuteTransaction(IList`1 entries, IDiagnosticsLogger`1 updateLogger)
   at Microsoft.EntityFrameworkCore.InMemory.Storage.Internal.InMemoryDatabase.SaveChanges(IList`1 entries)
   at Microsoft.EntityFrameworkCore.ChangeTracking.Internal.StateManager.SaveChanges(IList`1 entriesToSave)
   at Microsoft.EntityFrameworkCore.ChangeTracking.Internal.StateManager.SaveChanges(StateManager stateManager, Boolean acceptAllChangesOnSuccess)
   at Microsoft.EntityFrameworkCore.ChangeTracking.Internal.StateManager.<>c.<SaveChanges>b__112_0(DbContext _, ValueTuple`2 t)
   at Microsoft.EntityFrameworkCore.Storage.NonRetryingExecutionStrategy.Execute[TState,TResult](TState state, Func`3 operation, Func`3 verifySucceeded)
   at Microsoft.EntityFrameworkCore.ChangeTracking.Internal.StateManager.SaveChanges(Boolean acceptAllChangesOnSuccess)
   at Microsoft.EntityFrameworkCore.DbContext.SaveChanges(Boolean acceptAllChangesOnSuccess)
   at Microsoft.EntityFrameworkCore.DbContext.SaveChanges()
   at CinemaAPI.Benchmarks.FilmsControllerBenchmarks.SeedData(DatabaseContext context) in c:\directory-git\ktits-repository-4\CinemaProject\CinemaAPI.Benchmarks\FilmsControllerBenchmarks.cs:line 127
   at CinemaAPI.Benchmarks.FilmsControllerBenchmarks.CreateContext() in c:\directory-git\ktits-repository-4\CinemaProject\CinemaAPI.Benchmarks\FilmsControllerBenchmarks.cs:line 37
   at CinemaAPI.Benchmarks.FilmsControllerBenchmarks.IterationSetup() in c:\directory-git\ktits-repository-4\CinemaProject\CinemaAPI.Benchmarks\FilmsControllerBenchmarks.cs:line 46
   at BenchmarkDotNet.Engines.Engine.RunIteration(IterationData data)
   at BenchmarkDotNet.Engines.EngineFactory.Jit(Engine engine, Int32 jitIndex, Int32 invokeCount, Int32 unrollFactor)
   at BenchmarkDotNet.Engines.EngineFactory.CreateReadyToRun(EngineParameters engineParameters)
   at BenchmarkDotNet.Autogenerated.Runnable_10.Run(IHost host, String benchmarkName) in c:\directory-git\ktits-repository-4\CinemaProject\CinemaAPI.Benchmarks\bin\Release\net8.0\473013fa-8f6c-4235-b64a-ad748298b921\473013fa-8f6c-4235-b64a-ad748298b921.notcs:line 1901
   at System.RuntimeMethodHandle.InvokeMethod(Object target, Void** arguments, Signature sig, Boolean isConstructor)
   at System.Reflection.MethodBaseInvoker.InvokeDirectByRefWithFewArgs(Object obj, Span`1 copyOfArgs, BindingFlags invokeAttr)
   --- End of inner exception stack trace ---
   at System.Reflection.MethodBaseInvoker.InvokeDirectByRefWithFewArgs(Object obj, Span`1 copyOfArgs, BindingFlags invokeAttr)
   at System.Reflection.MethodBaseInvoker.InvokeWithFewArgs(Object obj, BindingFlags invokeAttr, Binder binder, Object[] parameters, CultureInfo culture)
   at System.Reflection.MethodBase.Invoke(Object obj, Object[] parameters)
   at BenchmarkDotNet.Autogenerated.UniqueProgramName.AfterAssemblyLoadingAttached(String[] args) in c:\directory-git\ktits-repository-4\CinemaProject\CinemaAPI.Benchmarks\bin\Release\net8.0\473013fa-8f6c-4235-b64a-ad748298b921\473013fa-8f6c-4235-b64a-ad748298b921.notcs:line 57
// AfterAll
No Workload Results were obtained from the run.
// Benchmark Process 26764 has exited with code -1.

// ** Remained 9 (45.0%) benchmark(s) to run. Estimated finish 2026-03-25 10:58 (0h 0m from now) **
Setup power plan (GUID: 8c5e7fda-e8bf-4a96-9a85-a6e23a8c635c FriendlyName: High performance)
// **************************
// Benchmark: FilmsControllerBenchmarks.GetFilmsBySearch: ShortRun(InvocationCount=1, IterationCount=3, LaunchCount=1, UnrollFactor=1, WarmupCount=1)
// *** Execute ***
// Launch: 1 / 1
// Execute: dotnet 473013fa-8f6c-4235-b64a-ad748298b921.dll --anonymousPipes 1892 1888 --benchmarkName CinemaAPI.Benchmarks.FilmsControllerBenchmarks.GetFilmsBySearch --job ShortRun --benchmarkId 11 in c:\directory-git\ktits-repository-4\CinemaProject\CinemaAPI.Benchmarks\bin\Release\net8.0\473013fa-8f6c-4235-b64a-ad748298b921\bin\Release\net8.0
// BeforeAnythingElse

// Benchmark Process Environment Information:
// BenchmarkDotNet v0.13.12
// Runtime=.NET 8.0.24 (8.0.2426.7010), X64 RyuJIT AVX2
// GC=Concurrent Workstation
// HardwareIntrinsics=AVX2,AES,BMI1,BMI2,FMA,LZCNT,PCLMUL,POPCNT VectorSize=256
// Job: ShortRun(InvocationCount=1, IterationCount=3, LaunchCount=1, UnrollFactor=1, WarmupCount=1)

OverheadJitting  1: 1 op, 231400.00 ns, 231.4000 us/op

System.Reflection.TargetInvocationException: Exception has been thrown by the target of an invocation.
 ---> System.ArgumentException: An item with the same key has already been added. Key: 1
   at System.Collections.Generic.Dictionary`2.TryInsert(TKey key, TValue value, InsertionBehavior behavior)
   at System.Collections.Generic.Dictionary`2.Add(TKey key, TValue value)
   at Microsoft.EntityFrameworkCore.InMemory.Storage.Internal.InMemoryTable`1.Create(IUpdateEntry entry, IDiagnosticsLogger`1 updateLogger)
   at Microsoft.EntityFrameworkCore.InMemory.Storage.Internal.InMemoryStore.ExecuteTransaction(IList`1 entries, IDiagnosticsLogger`1 updateLogger)
   at Microsoft.EntityFrameworkCore.InMemory.Storage.Internal.InMemoryDatabase.SaveChanges(IList`1 entries)
   at Microsoft.EntityFrameworkCore.ChangeTracking.Internal.StateManager.SaveChanges(IList`1 entriesToSave)
   at Microsoft.EntityFrameworkCore.ChangeTracking.Internal.StateManager.SaveChanges(StateManager stateManager, Boolean acceptAllChangesOnSuccess)
   at Microsoft.EntityFrameworkCore.ChangeTracking.Internal.StateManager.<>c.<SaveChanges>b__112_0(DbContext _, ValueTuple`2 t)
   at Microsoft.EntityFrameworkCore.Storage.NonRetryingExecutionStrategy.Execute[TState,TResult](TState state, Func`3 operation, Func`3 verifySucceeded)
   at Microsoft.EntityFrameworkCore.ChangeTracking.Internal.StateManager.SaveChanges(Boolean acceptAllChangesOnSuccess)
   at Microsoft.EntityFrameworkCore.DbContext.SaveChanges(Boolean acceptAllChangesOnSuccess)
   at Microsoft.EntityFrameworkCore.DbContext.SaveChanges()
   at CinemaAPI.Benchmarks.FilmsControllerBenchmarks.SeedData(DatabaseContext context) in c:\directory-git\ktits-repository-4\CinemaProject\CinemaAPI.Benchmarks\FilmsControllerBenchmarks.cs:line 127
   at CinemaAPI.Benchmarks.FilmsControllerBenchmarks.CreateContext() in c:\directory-git\ktits-repository-4\CinemaProject\CinemaAPI.Benchmarks\FilmsControllerBenchmarks.cs:line 37
   at CinemaAPI.Benchmarks.FilmsControllerBenchmarks.IterationSetup() in c:\directory-git\ktits-repository-4\CinemaProject\CinemaAPI.Benchmarks\FilmsControllerBenchmarks.cs:line 46
   at BenchmarkDotNet.Engines.Engine.RunIteration(IterationData data)
   at BenchmarkDotNet.Engines.EngineFactory.Jit(Engine engine, Int32 jitIndex, Int32 invokeCount, Int32 unrollFactor)
   at BenchmarkDotNet.Engines.EngineFactory.CreateReadyToRun(EngineParameters engineParameters)
   at BenchmarkDotNet.Autogenerated.Runnable_11.Run(IHost host, String benchmarkName) in c:\directory-git\ktits-repository-4\CinemaProject\CinemaAPI.Benchmarks\bin\Release\net8.0\473013fa-8f6c-4235-b64a-ad748298b921\473013fa-8f6c-4235-b64a-ad748298b921.notcs:line 2073
   at System.RuntimeMethodHandle.InvokeMethod(Object target, Void** arguments, Signature sig, Boolean isConstructor)
   at System.Reflection.MethodBaseInvoker.InvokeDirectByRefWithFewArgs(Object obj, Span`1 copyOfArgs, BindingFlags invokeAttr)
   --- End of inner exception stack trace ---
   at System.Reflection.MethodBaseInvoker.InvokeDirectByRefWithFewArgs(Object obj, Span`1 copyOfArgs, BindingFlags invokeAttr)
   at System.Reflection.MethodBaseInvoker.InvokeWithFewArgs(Object obj, BindingFlags invokeAttr, Binder binder, Object[] parameters, CultureInfo culture)
   at System.Reflection.MethodBase.Invoke(Object obj, Object[] parameters)
   at BenchmarkDotNet.Autogenerated.UniqueProgramName.AfterAssemblyLoadingAttached(String[] args) in c:\directory-git\ktits-repository-4\CinemaProject\CinemaAPI.Benchmarks\bin\Release\net8.0\473013fa-8f6c-4235-b64a-ad748298b921\473013fa-8f6c-4235-b64a-ad748298b921.notcs:line 57
// AfterAll
No Workload Results were obtained from the run.
// Benchmark Process 13928 has exited with code -1.

// ** Remained 8 (40.0%) benchmark(s) to run. Estimated finish 2026-03-25 10:58 (0h 0m from now) **
Setup power plan (GUID: 8c5e7fda-e8bf-4a96-9a85-a6e23a8c635c FriendlyName: High performance)
// **************************
// Benchmark: FilmsControllerBenchmarks.GetFilmById: ShortRun(InvocationCount=1, IterationCount=3, LaunchCount=1, UnrollFactor=1, WarmupCount=1)
// *** Execute ***
// Launch: 1 / 1
// Execute: dotnet 473013fa-8f6c-4235-b64a-ad748298b921.dll --anonymousPipes 1928 1916 --benchmarkName CinemaAPI.Benchmarks.FilmsControllerBenchmarks.GetFilmById --job ShortRun --benchmarkId 12 in c:\directory-git\ktits-repository-4\CinemaProject\CinemaAPI.Benchmarks\bin\Release\net8.0\473013fa-8f6c-4235-b64a-ad748298b921\bin\Release\net8.0
// BeforeAnythingElse

// Benchmark Process Environment Information:
// BenchmarkDotNet v0.13.12
// Runtime=.NET 8.0.24 (8.0.2426.7010), X64 RyuJIT AVX2
// GC=Concurrent Workstation
// HardwareIntrinsics=AVX2,AES,BMI1,BMI2,FMA,LZCNT,PCLMUL,POPCNT VectorSize=256
// Job: ShortRun(InvocationCount=1, IterationCount=3, LaunchCount=1, UnrollFactor=1, WarmupCount=1)

OverheadJitting  1: 1 op, 229200.00 ns, 229.2000 us/op

System.Reflection.TargetInvocationException: Exception has been thrown by the target of an invocation.
 ---> System.ArgumentException: An item with the same key has already been added. Key: 1
   at System.Collections.Generic.Dictionary`2.TryInsert(TKey key, TValue value, InsertionBehavior behavior)
   at System.Collections.Generic.Dictionary`2.Add(TKey key, TValue value)
   at Microsoft.EntityFrameworkCore.InMemory.Storage.Internal.InMemoryTable`1.Create(IUpdateEntry entry, IDiagnosticsLogger`1 updateLogger)
   at Microsoft.EntityFrameworkCore.InMemory.Storage.Internal.InMemoryStore.ExecuteTransaction(IList`1 entries, IDiagnosticsLogger`1 updateLogger)
   at Microsoft.EntityFrameworkCore.InMemory.Storage.Internal.InMemoryDatabase.SaveChanges(IList`1 entries)
   at Microsoft.EntityFrameworkCore.ChangeTracking.Internal.StateManager.SaveChanges(IList`1 entriesToSave)
   at Microsoft.EntityFrameworkCore.ChangeTracking.Internal.StateManager.SaveChanges(StateManager stateManager, Boolean acceptAllChangesOnSuccess)
   at Microsoft.EntityFrameworkCore.ChangeTracking.Internal.StateManager.<>c.<SaveChanges>b__112_0(DbContext _, ValueTuple`2 t)
   at Microsoft.EntityFrameworkCore.Storage.NonRetryingExecutionStrategy.Execute[TState,TResult](TState state, Func`3 operation, Func`3 verifySucceeded)
   at Microsoft.EntityFrameworkCore.ChangeTracking.Internal.StateManager.SaveChanges(Boolean acceptAllChangesOnSuccess)
   at Microsoft.EntityFrameworkCore.DbContext.SaveChanges(Boolean acceptAllChangesOnSuccess)
   at Microsoft.EntityFrameworkCore.DbContext.SaveChanges()
   at CinemaAPI.Benchmarks.FilmsControllerBenchmarks.SeedData(DatabaseContext context) in c:\directory-git\ktits-repository-4\CinemaProject\CinemaAPI.Benchmarks\FilmsControllerBenchmarks.cs:line 127
   at CinemaAPI.Benchmarks.FilmsControllerBenchmarks.CreateContext() in c:\directory-git\ktits-repository-4\CinemaProject\CinemaAPI.Benchmarks\FilmsControllerBenchmarks.cs:line 37
   at CinemaAPI.Benchmarks.FilmsControllerBenchmarks.IterationSetup() in c:\directory-git\ktits-repository-4\CinemaProject\CinemaAPI.Benchmarks\FilmsControllerBenchmarks.cs:line 46
   at BenchmarkDotNet.Engines.Engine.RunIteration(IterationData data)
   at BenchmarkDotNet.Engines.EngineFactory.Jit(Engine engine, Int32 jitIndex, Int32 invokeCount, Int32 unrollFactor)
   at BenchmarkDotNet.Engines.EngineFactory.CreateReadyToRun(EngineParameters engineParameters)
   at BenchmarkDotNet.Autogenerated.Runnable_12.Run(IHost host, String benchmarkName) in c:\directory-git\ktits-repository-4\CinemaProject\CinemaAPI.Benchmarks\bin\Release\net8.0\473013fa-8f6c-4235-b64a-ad748298b921\473013fa-8f6c-4235-b64a-ad748298b921.notcs:line 2245
   at System.RuntimeMethodHandle.InvokeMethod(Object target, Void** arguments, Signature sig, Boolean isConstructor)
   at System.Reflection.MethodBaseInvoker.InvokeDirectByRefWithFewArgs(Object obj, Span`1 copyOfArgs, BindingFlags invokeAttr)
   --- End of inner exception stack trace ---
   at System.Reflection.MethodBaseInvoker.InvokeDirectByRefWithFewArgs(Object obj, Span`1 copyOfArgs, BindingFlags invokeAttr)
   at System.Reflection.MethodBaseInvoker.InvokeWithFewArgs(Object obj, BindingFlags invokeAttr, Binder binder, Object[] parameters, CultureInfo culture)
   at System.Reflection.MethodBase.Invoke(Object obj, Object[] parameters)
   at BenchmarkDotNet.Autogenerated.UniqueProgramName.AfterAssemblyLoadingAttached(String[] args) in c:\directory-git\ktits-repository-4\CinemaProject\CinemaAPI.Benchmarks\bin\Release\net8.0\473013fa-8f6c-4235-b64a-ad748298b921\473013fa-8f6c-4235-b64a-ad748298b921.notcs:line 57
// AfterAll
No Workload Results were obtained from the run.
// Benchmark Process 12604 has exited with code -1.

// ** Remained 7 (35.0%) benchmark(s) to run. Estimated finish 2026-03-25 10:58 (0h 0m from now) **
Setup power plan (GUID: 8c5e7fda-e8bf-4a96-9a85-a6e23a8c635c FriendlyName: High performance)
// **************************
// Benchmark: FilmsControllerBenchmarks.GetAverageRating: ShortRun(InvocationCount=1, IterationCount=3, LaunchCount=1, UnrollFactor=1, WarmupCount=1)
// *** Execute ***
// Launch: 1 / 1
// Execute: dotnet 473013fa-8f6c-4235-b64a-ad748298b921.dll --anonymousPipes 1956 1952 --benchmarkName CinemaAPI.Benchmarks.FilmsControllerBenchmarks.GetAverageRating --job ShortRun --benchmarkId 13 in c:\directory-git\ktits-repository-4\CinemaProject\CinemaAPI.Benchmarks\bin\Release\net8.0\473013fa-8f6c-4235-b64a-ad748298b921\bin\Release\net8.0
// BeforeAnythingElse

// Benchmark Process Environment Information:
// BenchmarkDotNet v0.13.12
// Runtime=.NET 8.0.24 (8.0.2426.7010), X64 RyuJIT AVX2
// GC=Concurrent Workstation
// HardwareIntrinsics=AVX2,AES,BMI1,BMI2,FMA,LZCNT,PCLMUL,POPCNT VectorSize=256
// Job: ShortRun(InvocationCount=1, IterationCount=3, LaunchCount=1, UnrollFactor=1, WarmupCount=1)

OverheadJitting  1: 1 op, 228900.00 ns, 228.9000 us/op

System.Reflection.TargetInvocationException: Exception has been thrown by the target of an invocation.
 ---> System.ArgumentException: An item with the same key has already been added. Key: 1
   at System.Collections.Generic.Dictionary`2.TryInsert(TKey key, TValue value, InsertionBehavior behavior)
   at System.Collections.Generic.Dictionary`2.Add(TKey key, TValue value)
   at Microsoft.EntityFrameworkCore.InMemory.Storage.Internal.InMemoryTable`1.Create(IUpdateEntry entry, IDiagnosticsLogger`1 updateLogger)
   at Microsoft.EntityFrameworkCore.InMemory.Storage.Internal.InMemoryStore.ExecuteTransaction(IList`1 entries, IDiagnosticsLogger`1 updateLogger)
   at Microsoft.EntityFrameworkCore.InMemory.Storage.Internal.InMemoryDatabase.SaveChanges(IList`1 entries)
   at Microsoft.EntityFrameworkCore.ChangeTracking.Internal.StateManager.SaveChanges(IList`1 entriesToSave)
   at Microsoft.EntityFrameworkCore.ChangeTracking.Internal.StateManager.SaveChanges(StateManager stateManager, Boolean acceptAllChangesOnSuccess)
   at Microsoft.EntityFrameworkCore.ChangeTracking.Internal.StateManager.<>c.<SaveChanges>b__112_0(DbContext _, ValueTuple`2 t)
   at Microsoft.EntityFrameworkCore.Storage.NonRetryingExecutionStrategy.Execute[TState,TResult](TState state, Func`3 operation, Func`3 verifySucceeded)
   at Microsoft.EntityFrameworkCore.ChangeTracking.Internal.StateManager.SaveChanges(Boolean acceptAllChangesOnSuccess)
   at Microsoft.EntityFrameworkCore.DbContext.SaveChanges(Boolean acceptAllChangesOnSuccess)
   at Microsoft.EntityFrameworkCore.DbContext.SaveChanges()
   at CinemaAPI.Benchmarks.FilmsControllerBenchmarks.SeedData(DatabaseContext context) in c:\directory-git\ktits-repository-4\CinemaProject\CinemaAPI.Benchmarks\FilmsControllerBenchmarks.cs:line 127
   at CinemaAPI.Benchmarks.FilmsControllerBenchmarks.CreateContext() in c:\directory-git\ktits-repository-4\CinemaProject\CinemaAPI.Benchmarks\FilmsControllerBenchmarks.cs:line 37
   at CinemaAPI.Benchmarks.FilmsControllerBenchmarks.IterationSetup() in c:\directory-git\ktits-repository-4\CinemaProject\CinemaAPI.Benchmarks\FilmsControllerBenchmarks.cs:line 46
   at BenchmarkDotNet.Engines.Engine.RunIteration(IterationData data)
   at BenchmarkDotNet.Engines.EngineFactory.Jit(Engine engine, Int32 jitIndex, Int32 invokeCount, Int32 unrollFactor)
   at BenchmarkDotNet.Engines.EngineFactory.CreateReadyToRun(EngineParameters engineParameters)
   at BenchmarkDotNet.Autogenerated.Runnable_13.Run(IHost host, String benchmarkName) in c:\directory-git\ktits-repository-4\CinemaProject\CinemaAPI.Benchmarks\bin\Release\net8.0\473013fa-8f6c-4235-b64a-ad748298b921\473013fa-8f6c-4235-b64a-ad748298b921.notcs:line 2417
   at System.RuntimeMethodHandle.InvokeMethod(Object target, Void** arguments, Signature sig, Boolean isConstructor)
   at System.Reflection.MethodBaseInvoker.InvokeDirectByRefWithFewArgs(Object obj, Span`1 copyOfArgs, BindingFlags invokeAttr)
   --- End of inner exception stack trace ---
   at System.Reflection.MethodBaseInvoker.InvokeDirectByRefWithFewArgs(Object obj, Span`1 copyOfArgs, BindingFlags invokeAttr)
   at System.Reflection.MethodBaseInvoker.InvokeWithFewArgs(Object obj, BindingFlags invokeAttr, Binder binder, Object[] parameters, CultureInfo culture)
   at System.Reflection.MethodBase.Invoke(Object obj, Object[] parameters)
   at BenchmarkDotNet.Autogenerated.UniqueProgramName.AfterAssemblyLoadingAttached(String[] args) in c:\directory-git\ktits-repository-4\CinemaProject\CinemaAPI.Benchmarks\bin\Release\net8.0\473013fa-8f6c-4235-b64a-ad748298b921\473013fa-8f6c-4235-b64a-ad748298b921.notcs:line 57
// AfterAll
No Workload Results were obtained from the run.
// Benchmark Process 12304 has exited with code -1.

// ** Remained 6 (30.0%) benchmark(s) to run. Estimated finish 2026-03-25 10:58 (0h 0m from now) **
Successfully reverted power plan (GUID: 8c5e7fda-e8bf-4a96-9a85-a6e23a8c635c FriendlyName: High performance)
// ***** BenchmarkRunner: Finish  *****

// * Export *
  BenchmarkDotNet.Artifacts\results\CinemaAPI.Benchmarks.FilmsControllerBenchmarks-report.csv
  BenchmarkDotNet.Artifacts\results\CinemaAPI.Benchmarks.FilmsControllerBenchmarks-report-github.md
  BenchmarkDotNet.Artifacts\results\CinemaAPI.Benchmarks.FilmsControllerBenchmarks-report.html
  BenchmarkDotNet.Artifacts\results\CinemaAPI.Benchmarks.FilmsControllerBenchmarks-report-default.md

// * Detailed results *
FilmsControllerBenchmarks.GetAllFilms: ShortRun(InvocationCount=1, IterationCount=3, LaunchCount=1, UnrollFactor=1, WarmupCount=1)
Runtime = .NET 8.0.24 (8.0.2426.7010), X64 RyuJIT AVX2; GC = Concurrent Workstation
There are not any results runs

FilmsControllerBenchmarks.GetFilmsSortedByRating: ShortRun(InvocationCount=1, IterationCount=3, LaunchCount=1, UnrollFactor=1, WarmupCount=1)
Runtime = .NET 8.0.24 (8.0.2426.7010), X64 RyuJIT AVX2; GC = Concurrent Workstation
There are not any results runs

FilmsControllerBenchmarks.GetFilmsSortedByRatingDesc: ShortRun(InvocationCount=1, IterationCount=3, LaunchCount=1, UnrollFactor=1, WarmupCount=1)
Runtime = .NET 8.0.24 (8.0.2426.7010), X64 RyuJIT AVX2; GC = Concurrent Workstation
There are not any results runs

FilmsControllerBenchmarks.GetFilmsByGenre: ShortRun(InvocationCount=1, IterationCount=3, LaunchCount=1, UnrollFactor=1, WarmupCount=1)
Runtime = .NET 8.0.24 (8.0.2426.7010), X64 RyuJIT AVX2; GC = Concurrent Workstation
There are not any results runs

FilmsControllerBenchmarks.GetFilmsBySearch: ShortRun(InvocationCount=1, IterationCount=3, LaunchCount=1, UnrollFactor=1, WarmupCount=1)
Runtime = .NET 8.0.24 (8.0.2426.7010), X64 RyuJIT AVX2; GC = Concurrent Workstation
There are not any results runs

FilmsControllerBenchmarks.GetFilmById: ShortRun(InvocationCount=1, IterationCount=3, LaunchCount=1, UnrollFactor=1, WarmupCount=1)
Runtime = .NET 8.0.24 (8.0.2426.7010), X64 RyuJIT AVX2; GC = Concurrent Workstation
There are not any results runs

FilmsControllerBenchmarks.GetAverageRating: ShortRun(InvocationCount=1, IterationCount=3, LaunchCount=1, UnrollFactor=1, WarmupCount=1)
Runtime = .NET 8.0.24 (8.0.2426.7010), X64 RyuJIT AVX2; GC = Concurrent Workstation
There are not any results runs

// * Summary *

BenchmarkDotNet v0.13.12, Windows 11 (10.0.22631.6199/23H2/2023Update/SunValley3)
AMD Ryzen 5 5600H with Radeon Graphics, 1 CPU, 12 logical and 6 physical cores
.NET SDK 10.0.103
  [Host]   : .NET 8.0.24 (8.0.2426.7010), X64 RyuJIT AVX2
  ShortRun : .NET 8.0.24 (8.0.2426.7010), X64 RyuJIT AVX2

Job=ShortRun  InvocationCount=1  IterationCount=3  
LaunchCount=1  UnrollFactor=1  WarmupCount=1  

| Method                     | Mean | Error |
|--------------------------- |-----:|------:|
| GetAllFilms                |   NA |    NA |
| GetFilmsSortedByRating     |   NA |    NA |
| GetFilmsSortedByRatingDesc |   NA |    NA |
| GetFilmsByGenre            |   NA |    NA |
| GetFilmsBySearch           |   NA |    NA |
| GetFilmById                |   NA |    NA |
| GetAverageRating           |   NA |    NA |

Benchmarks with issues:
  FilmsControllerBenchmarks.GetAllFilms: ShortRun(InvocationCount=1, IterationCount=3, LaunchCount=1, UnrollFactor=1, WarmupCount=1)
  FilmsControllerBenchmarks.GetFilmsSortedByRating: ShortRun(InvocationCount=1, IterationCount=3, LaunchCount=1, UnrollFactor=1, WarmupCount=1)
  FilmsControllerBenchmarks.GetFilmsSortedByRatingDesc: ShortRun(InvocationCount=1, IterationCount=3, LaunchCount=1, UnrollFactor=1, WarmupCount=1)
  FilmsControllerBenchmarks.GetFilmsByGenre: ShortRun(InvocationCount=1, IterationCount=3, LaunchCount=1, UnrollFactor=1, WarmupCount=1)
  FilmsControllerBenchmarks.GetFilmsBySearch: ShortRun(InvocationCount=1, IterationCount=3, LaunchCount=1, UnrollFactor=1, WarmupCount=1)
  FilmsControllerBenchmarks.GetFilmById: ShortRun(InvocationCount=1, IterationCount=3, LaunchCount=1, UnrollFactor=1, WarmupCount=1)
  FilmsControllerBenchmarks.GetAverageRating: ShortRun(InvocationCount=1, IterationCount=3, LaunchCount=1, UnrollFactor=1, WarmupCount=1)

// * Warnings *
Environment
  Summary -> Detected error exit code from one of the benchmarks. It might be caused by following antivirus software:
        - Windows Defender (windowsdefender://)
Use InProcessEmitToolchain or InProcessNoEmitToolchain to avoid new process creation.

// * Config Issues *

// * Warnings *
Configuration
  Summary -> The exporter MarkdownExporter-github is already present in configuration. There may be unexpected results.
  Summary -> The exporter HtmlExporter is already present in configuration. There may be unexpected results.
  Summary -> The exporter HtmlExporter is already present in configuration. There may be unexpected results.

// * Legends *
  Mean  : Arithmetic mean of all measurements
  Error : Half of 99.9% confidence interval
  1 ns  : 1 Nanosecond (0.000000001 sec)

// * Diagnostic Output - MemoryDiagnoser *


// ***** BenchmarkRunner: End *****
Run time: 00:00:04 (4.98 sec), executed benchmarks: 7

// Found 6 benchmarks:
//   RatingsControllerBenchmarks.GetAllRatings: ShortRun(InvocationCount=1, IterationCount=3, LaunchCount=1, UnrollFactor=1, WarmupCount=1)
//   RatingsControllerBenchmarks.GetRatingById: ShortRun(InvocationCount=1, IterationCount=3, LaunchCount=1, UnrollFactor=1, WarmupCount=1)
//   RatingsControllerBenchmarks.CreateRating: ShortRun(InvocationCount=1, IterationCount=3, LaunchCount=1, UnrollFactor=1, WarmupCount=1)
//   RatingsControllerBenchmarks.UpdateRating: ShortRun(InvocationCount=1, IterationCount=3, LaunchCount=1, UnrollFactor=1, WarmupCount=1)
//   RatingsControllerBenchmarks.DeleteRating: ShortRun(InvocationCount=1, IterationCount=3, LaunchCount=1, UnrollFactor=1, WarmupCount=1)
//   RatingsControllerBenchmarks.GetMyRatingForFilm: ShortRun(InvocationCount=1, IterationCount=3, LaunchCount=1, UnrollFactor=1, WarmupCount=1)

Setup power plan (GUID: 8c5e7fda-e8bf-4a96-9a85-a6e23a8c635c FriendlyName: High performance)
// **************************
// Benchmark: RatingsControllerBenchmarks.GetAllRatings: ShortRun(InvocationCount=1, IterationCount=3, LaunchCount=1, UnrollFactor=1, WarmupCount=1)
// *** Execute ***
// Launch: 1 / 1
// Execute: dotnet 473013fa-8f6c-4235-b64a-ad748298b921.dll --anonymousPipes 1880 1916 --benchmarkName CinemaAPI.Benchmarks.RatingsControllerBenchmarks.GetAllRatings --job ShortRun --benchmarkId 14 in c:\directory-git\ktits-repository-4\CinemaProject\CinemaAPI.Benchmarks\bin\Release\net8.0\473013fa-8f6c-4235-b64a-ad748298b921\bin\Release\net8.0
// BeforeAnythingElse

// Benchmark Process Environment Information:
// BenchmarkDotNet v0.13.12
// Runtime=.NET 8.0.24 (8.0.2426.7010), X64 RyuJIT AVX2
// GC=Concurrent Workstation
// HardwareIntrinsics=AVX2,AES,BMI1,BMI2,FMA,LZCNT,PCLMUL,POPCNT VectorSize=256
// Job: ShortRun(InvocationCount=1, IterationCount=3, LaunchCount=1, UnrollFactor=1, WarmupCount=1)

OverheadJitting  1: 1 op, 218000.00 ns, 218.0000 us/op

System.Reflection.TargetInvocationException: Exception has been thrown by the target of an invocation.
 ---> System.ArgumentException: An item with the same key has already been added. Key: 1
   at System.Collections.Generic.Dictionary`2.TryInsert(TKey key, TValue value, InsertionBehavior behavior)
   at System.Collections.Generic.Dictionary`2.Add(TKey key, TValue value)
   at Microsoft.EntityFrameworkCore.InMemory.Storage.Internal.InMemoryTable`1.Create(IUpdateEntry entry, IDiagnosticsLogger`1 updateLogger)
   at Microsoft.EntityFrameworkCore.InMemory.Storage.Internal.InMemoryStore.ExecuteTransaction(IList`1 entries, IDiagnosticsLogger`1 updateLogger)
   at Microsoft.EntityFrameworkCore.InMemory.Storage.Internal.InMemoryDatabase.SaveChanges(IList`1 entries)
   at Microsoft.EntityFrameworkCore.ChangeTracking.Internal.StateManager.SaveChanges(IList`1 entriesToSave)
   at Microsoft.EntityFrameworkCore.ChangeTracking.Internal.StateManager.SaveChanges(StateManager stateManager, Boolean acceptAllChangesOnSuccess)
   at Microsoft.EntityFrameworkCore.ChangeTracking.Internal.StateManager.<>c.<SaveChanges>b__112_0(DbContext _, ValueTuple`2 t)
   at Microsoft.EntityFrameworkCore.Storage.NonRetryingExecutionStrategy.Execute[TState,TResult](TState state, Func`3 operation, Func`3 verifySucceeded)
   at Microsoft.EntityFrameworkCore.ChangeTracking.Internal.StateManager.SaveChanges(Boolean acceptAllChangesOnSuccess)
   at Microsoft.EntityFrameworkCore.DbContext.SaveChanges(Boolean acceptAllChangesOnSuccess)
   at Microsoft.EntityFrameworkCore.DbContext.SaveChanges()
   at CinemaAPI.Benchmarks.RatingsControllerBenchmarks.SeedData(DatabaseContext context) in c:\directory-git\ktits-repository-4\CinemaProject\CinemaAPI.Benchmarks\RatingsControllerBenchmarks.cs:line 128
   at CinemaAPI.Benchmarks.RatingsControllerBenchmarks.CreateContext() in c:\directory-git\ktits-repository-4\CinemaProject\CinemaAPI.Benchmarks\RatingsControllerBenchmarks.cs:line 47
   at CinemaAPI.Benchmarks.RatingsControllerBenchmarks.IterationSetup() in c:\directory-git\ktits-repository-4\CinemaProject\CinemaAPI.Benchmarks\RatingsControllerBenchmarks.cs:line 36
   at BenchmarkDotNet.Engines.Engine.RunIteration(IterationData data)
   at BenchmarkDotNet.Engines.EngineFactory.Jit(Engine engine, Int32 jitIndex, Int32 invokeCount, Int32 unrollFactor)
   at BenchmarkDotNet.Engines.EngineFactory.CreateReadyToRun(EngineParameters engineParameters)
   at BenchmarkDotNet.Autogenerated.Runnable_14.Run(IHost host, String benchmarkName) in c:\directory-git\ktits-repository-4\CinemaProject\CinemaAPI.Benchmarks\bin\Release\net8.0\473013fa-8f6c-4235-b64a-ad748298b921\473013fa-8f6c-4235-b64a-ad748298b921.notcs:line 2600
   at System.RuntimeMethodHandle.InvokeMethod(Object target, Void** arguments, Signature sig, Boolean isConstructor)
   at System.Reflection.MethodBaseInvoker.InvokeDirectByRefWithFewArgs(Object obj, Span`1 copyOfArgs, BindingFlags invokeAttr)
   --- End of inner exception stack trace ---
   at System.Reflection.MethodBaseInvoker.InvokeDirectByRefWithFewArgs(Object obj, Span`1 copyOfArgs, BindingFlags invokeAttr)
   at System.Reflection.MethodBaseInvoker.InvokeWithFewArgs(Object obj, BindingFlags invokeAttr, Binder binder, Object[] parameters, CultureInfo culture)
   at System.Reflection.MethodBase.Invoke(Object obj, Object[] parameters)
   at BenchmarkDotNet.Autogenerated.UniqueProgramName.AfterAssemblyLoadingAttached(String[] args) in c:\directory-git\ktits-repository-4\CinemaProject\CinemaAPI.Benchmarks\bin\Release\net8.0\473013fa-8f6c-4235-b64a-ad748298b921\473013fa-8f6c-4235-b64a-ad748298b921.notcs:line 57
// AfterAll
No Workload Results were obtained from the run.
// Benchmark Process 21868 has exited with code -1.

// ** Remained 5 (25.0%) benchmark(s) to run. Estimated finish 2026-03-25 10:58 (0h 0m from now) **
Setup power plan (GUID: 8c5e7fda-e8bf-4a96-9a85-a6e23a8c635c FriendlyName: High performance)
// **************************
// Benchmark: RatingsControllerBenchmarks.GetRatingById: ShortRun(InvocationCount=1, IterationCount=3, LaunchCount=1, UnrollFactor=1, WarmupCount=1)
// *** Execute ***
// Launch: 1 / 1
// Execute: dotnet 473013fa-8f6c-4235-b64a-ad748298b921.dll --anonymousPipes 1800 1856 --benchmarkName CinemaAPI.Benchmarks.RatingsControllerBenchmarks.GetRatingById --job ShortRun --benchmarkId 15 in c:\directory-git\ktits-repository-4\CinemaProject\CinemaAPI.Benchmarks\bin\Release\net8.0\473013fa-8f6c-4235-b64a-ad748298b921\bin\Release\net8.0
// BeforeAnythingElse

// Benchmark Process Environment Information:
// BenchmarkDotNet v0.13.12
// Runtime=.NET 8.0.24 (8.0.2426.7010), X64 RyuJIT AVX2
// GC=Concurrent Workstation
// HardwareIntrinsics=AVX2,AES,BMI1,BMI2,FMA,LZCNT,PCLMUL,POPCNT VectorSize=256
// Job: ShortRun(InvocationCount=1, IterationCount=3, LaunchCount=1, UnrollFactor=1, WarmupCount=1)

OverheadJitting  1: 1 op, 237600.00 ns, 237.6000 us/op

System.Reflection.TargetInvocationException: Exception has been thrown by the target of an invocation.
 ---> System.ArgumentException: An item with the same key has already been added. Key: 1
   at System.Collections.Generic.Dictionary`2.TryInsert(TKey key, TValue value, InsertionBehavior behavior)
   at System.Collections.Generic.Dictionary`2.Add(TKey key, TValue value)
   at Microsoft.EntityFrameworkCore.InMemory.Storage.Internal.InMemoryTable`1.Create(IUpdateEntry entry, IDiagnosticsLogger`1 updateLogger)
   at Microsoft.EntityFrameworkCore.InMemory.Storage.Internal.InMemoryStore.ExecuteTransaction(IList`1 entries, IDiagnosticsLogger`1 updateLogger)
   at Microsoft.EntityFrameworkCore.InMemory.Storage.Internal.InMemoryDatabase.SaveChanges(IList`1 entries)
   at Microsoft.EntityFrameworkCore.ChangeTracking.Internal.StateManager.SaveChanges(IList`1 entriesToSave)
   at Microsoft.EntityFrameworkCore.ChangeTracking.Internal.StateManager.SaveChanges(StateManager stateManager, Boolean acceptAllChangesOnSuccess)
   at Microsoft.EntityFrameworkCore.ChangeTracking.Internal.StateManager.<>c.<SaveChanges>b__112_0(DbContext _, ValueTuple`2 t)
   at Microsoft.EntityFrameworkCore.Storage.NonRetryingExecutionStrategy.Execute[TState,TResult](TState state, Func`3 operation, Func`3 verifySucceeded)
   at Microsoft.EntityFrameworkCore.ChangeTracking.Internal.StateManager.SaveChanges(Boolean acceptAllChangesOnSuccess)
   at Microsoft.EntityFrameworkCore.DbContext.SaveChanges(Boolean acceptAllChangesOnSuccess)
   at Microsoft.EntityFrameworkCore.DbContext.SaveChanges()
   at CinemaAPI.Benchmarks.RatingsControllerBenchmarks.SeedData(DatabaseContext context) in c:\directory-git\ktits-repository-4\CinemaProject\CinemaAPI.Benchmarks\RatingsControllerBenchmarks.cs:line 128
   at CinemaAPI.Benchmarks.RatingsControllerBenchmarks.CreateContext() in c:\directory-git\ktits-repository-4\CinemaProject\CinemaAPI.Benchmarks\RatingsControllerBenchmarks.cs:line 47
   at CinemaAPI.Benchmarks.RatingsControllerBenchmarks.IterationSetup() in c:\directory-git\ktits-repository-4\CinemaProject\CinemaAPI.Benchmarks\RatingsControllerBenchmarks.cs:line 36
   at BenchmarkDotNet.Engines.Engine.RunIteration(IterationData data)
   at BenchmarkDotNet.Engines.EngineFactory.Jit(Engine engine, Int32 jitIndex, Int32 invokeCount, Int32 unrollFactor)
   at BenchmarkDotNet.Engines.EngineFactory.CreateReadyToRun(EngineParameters engineParameters)
   at BenchmarkDotNet.Autogenerated.Runnable_15.Run(IHost host, String benchmarkName) in c:\directory-git\ktits-repository-4\CinemaProject\CinemaAPI.Benchmarks\bin\Release\net8.0\473013fa-8f6c-4235-b64a-ad748298b921\473013fa-8f6c-4235-b64a-ad748298b921.notcs:line 2772
   at System.RuntimeMethodHandle.InvokeMethod(Object target, Void** arguments, Signature sig, Boolean isConstructor)
   at System.Reflection.MethodBaseInvoker.InvokeDirectByRefWithFewArgs(Object obj, Span`1 copyOfArgs, BindingFlags invokeAttr)
   --- End of inner exception stack trace ---
   at System.Reflection.MethodBaseInvoker.InvokeDirectByRefWithFewArgs(Object obj, Span`1 copyOfArgs, BindingFlags invokeAttr)
   at System.Reflection.MethodBaseInvoker.InvokeWithFewArgs(Object obj, BindingFlags invokeAttr, Binder binder, Object[] parameters, CultureInfo culture)
   at System.Reflection.MethodBase.Invoke(Object obj, Object[] parameters)
   at BenchmarkDotNet.Autogenerated.UniqueProgramName.AfterAssemblyLoadingAttached(String[] args) in c:\directory-git\ktits-repository-4\CinemaProject\CinemaAPI.Benchmarks\bin\Release\net8.0\473013fa-8f6c-4235-b64a-ad748298b921\473013fa-8f6c-4235-b64a-ad748298b921.notcs:line 57
// AfterAll
No Workload Results were obtained from the run.
// Benchmark Process 24660 has exited with code -1.

// ** Remained 4 (20.0%) benchmark(s) to run. Estimated finish 2026-03-25 10:58 (0h 0m from now) **
Setup power plan (GUID: 8c5e7fda-e8bf-4a96-9a85-a6e23a8c635c FriendlyName: High performance)
// **************************
// Benchmark: RatingsControllerBenchmarks.CreateRating: ShortRun(InvocationCount=1, IterationCount=3, LaunchCount=1, UnrollFactor=1, WarmupCount=1)
// *** Execute ***
// Launch: 1 / 1
// Execute: dotnet 473013fa-8f6c-4235-b64a-ad748298b921.dll --anonymousPipes 1928 1460 --benchmarkName CinemaAPI.Benchmarks.RatingsControllerBenchmarks.CreateRating --job ShortRun --benchmarkId 16 in c:\directory-git\ktits-repository-4\CinemaProject\CinemaAPI.Benchmarks\bin\Release\net8.0\473013fa-8f6c-4235-b64a-ad748298b921\bin\Release\net8.0
// BeforeAnythingElse

// Benchmark Process Environment Information:
// BenchmarkDotNet v0.13.12
// Runtime=.NET 8.0.24 (8.0.2426.7010), X64 RyuJIT AVX2
// GC=Concurrent Workstation
// HardwareIntrinsics=AVX2,AES,BMI1,BMI2,FMA,LZCNT,PCLMUL,POPCNT VectorSize=256
// Job: ShortRun(InvocationCount=1, IterationCount=3, LaunchCount=1, UnrollFactor=1, WarmupCount=1)

OverheadJitting  1: 1 op, 222900.00 ns, 222.9000 us/op

System.Reflection.TargetInvocationException: Exception has been thrown by the target of an invocation.
 ---> System.ArgumentException: An item with the same key has already been added. Key: 1
   at System.Collections.Generic.Dictionary`2.TryInsert(TKey key, TValue value, InsertionBehavior behavior)
   at System.Collections.Generic.Dictionary`2.Add(TKey key, TValue value)
   at Microsoft.EntityFrameworkCore.InMemory.Storage.Internal.InMemoryTable`1.Create(IUpdateEntry entry, IDiagnosticsLogger`1 updateLogger)
   at Microsoft.EntityFrameworkCore.InMemory.Storage.Internal.InMemoryStore.ExecuteTransaction(IList`1 entries, IDiagnosticsLogger`1 updateLogger)
   at Microsoft.EntityFrameworkCore.InMemory.Storage.Internal.InMemoryDatabase.SaveChanges(IList`1 entries)
   at Microsoft.EntityFrameworkCore.ChangeTracking.Internal.StateManager.SaveChanges(IList`1 entriesToSave)
   at Microsoft.EntityFrameworkCore.ChangeTracking.Internal.StateManager.SaveChanges(StateManager stateManager, Boolean acceptAllChangesOnSuccess)
   at Microsoft.EntityFrameworkCore.ChangeTracking.Internal.StateManager.<>c.<SaveChanges>b__112_0(DbContext _, ValueTuple`2 t)
   at Microsoft.EntityFrameworkCore.Storage.NonRetryingExecutionStrategy.Execute[TState,TResult](TState state, Func`3 operation, Func`3 verifySucceeded)
   at Microsoft.EntityFrameworkCore.ChangeTracking.Internal.StateManager.SaveChanges(Boolean acceptAllChangesOnSuccess)
   at Microsoft.EntityFrameworkCore.DbContext.SaveChanges(Boolean acceptAllChangesOnSuccess)
   at Microsoft.EntityFrameworkCore.DbContext.SaveChanges()
   at CinemaAPI.Benchmarks.RatingsControllerBenchmarks.SeedData(DatabaseContext context) in c:\directory-git\ktits-repository-4\CinemaProject\CinemaAPI.Benchmarks\RatingsControllerBenchmarks.cs:line 128
   at CinemaAPI.Benchmarks.RatingsControllerBenchmarks.CreateContext() in c:\directory-git\ktits-repository-4\CinemaProject\CinemaAPI.Benchmarks\RatingsControllerBenchmarks.cs:line 47
   at CinemaAPI.Benchmarks.RatingsControllerBenchmarks.IterationSetup() in c:\directory-git\ktits-repository-4\CinemaProject\CinemaAPI.Benchmarks\RatingsControllerBenchmarks.cs:line 36
   at BenchmarkDotNet.Engines.Engine.RunIteration(IterationData data)
   at BenchmarkDotNet.Engines.EngineFactory.Jit(Engine engine, Int32 jitIndex, Int32 invokeCount, Int32 unrollFactor)
   at BenchmarkDotNet.Engines.EngineFactory.CreateReadyToRun(EngineParameters engineParameters)
   at BenchmarkDotNet.Autogenerated.Runnable_16.Run(IHost host, String benchmarkName) in c:\directory-git\ktits-repository-4\CinemaProject\CinemaAPI.Benchmarks\bin\Release\net8.0\473013fa-8f6c-4235-b64a-ad748298b921\473013fa-8f6c-4235-b64a-ad748298b921.notcs:line 2944
   at System.RuntimeMethodHandle.InvokeMethod(Object target, Void** arguments, Signature sig, Boolean isConstructor)
   at System.Reflection.MethodBaseInvoker.InvokeDirectByRefWithFewArgs(Object obj, Span`1 copyOfArgs, BindingFlags invokeAttr)
   --- End of inner exception stack trace ---
   at System.Reflection.MethodBaseInvoker.InvokeDirectByRefWithFewArgs(Object obj, Span`1 copyOfArgs, BindingFlags invokeAttr)
   at System.Reflection.MethodBaseInvoker.InvokeWithFewArgs(Object obj, BindingFlags invokeAttr, Binder binder, Object[] parameters, CultureInfo culture)
   at System.Reflection.MethodBase.Invoke(Object obj, Object[] parameters)
   at BenchmarkDotNet.Autogenerated.UniqueProgramName.AfterAssemblyLoadingAttached(String[] args) in c:\directory-git\ktits-repository-4\CinemaProject\CinemaAPI.Benchmarks\bin\Release\net8.0\473013fa-8f6c-4235-b64a-ad748298b921\473013fa-8f6c-4235-b64a-ad748298b921.notcs:line 57
// AfterAll
No Workload Results were obtained from the run.
// Benchmark Process 6064 has exited with code -1.

// ** Remained 3 (15.0%) benchmark(s) to run. Estimated finish 2026-03-25 10:58 (0h 0m from now) **
Setup power plan (GUID: 8c5e7fda-e8bf-4a96-9a85-a6e23a8c635c FriendlyName: High performance)
// **************************
// Benchmark: RatingsControllerBenchmarks.UpdateRating: ShortRun(InvocationCount=1, IterationCount=3, LaunchCount=1, UnrollFactor=1, WarmupCount=1)
// *** Execute ***
// Launch: 1 / 1
// Execute: dotnet 473013fa-8f6c-4235-b64a-ad748298b921.dll --anonymousPipes 1896 1960 --benchmarkName CinemaAPI.Benchmarks.RatingsControllerBenchmarks.UpdateRating --job ShortRun --benchmarkId 17 in c:\directory-git\ktits-repository-4\CinemaProject\CinemaAPI.Benchmarks\bin\Release\net8.0\473013fa-8f6c-4235-b64a-ad748298b921\bin\Release\net8.0
// BeforeAnythingElse

// Benchmark Process Environment Information:
// BenchmarkDotNet v0.13.12
// Runtime=.NET 8.0.24 (8.0.2426.7010), X64 RyuJIT AVX2
// GC=Concurrent Workstation
// HardwareIntrinsics=AVX2,AES,BMI1,BMI2,FMA,LZCNT,PCLMUL,POPCNT VectorSize=256
// Job: ShortRun(InvocationCount=1, IterationCount=3, LaunchCount=1, UnrollFactor=1, WarmupCount=1)

OverheadJitting  1: 1 op, 205800.00 ns, 205.8000 us/op

System.Reflection.TargetInvocationException: Exception has been thrown by the target of an invocation.
 ---> System.ArgumentException: An item with the same key has already been added. Key: 1
   at System.Collections.Generic.Dictionary`2.TryInsert(TKey key, TValue value, InsertionBehavior behavior)
   at System.Collections.Generic.Dictionary`2.Add(TKey key, TValue value)
   at Microsoft.EntityFrameworkCore.InMemory.Storage.Internal.InMemoryTable`1.Create(IUpdateEntry entry, IDiagnosticsLogger`1 updateLogger)
   at Microsoft.EntityFrameworkCore.InMemory.Storage.Internal.InMemoryStore.ExecuteTransaction(IList`1 entries, IDiagnosticsLogger`1 updateLogger)
   at Microsoft.EntityFrameworkCore.InMemory.Storage.Internal.InMemoryDatabase.SaveChanges(IList`1 entries)
   at Microsoft.EntityFrameworkCore.ChangeTracking.Internal.StateManager.SaveChanges(IList`1 entriesToSave)
   at Microsoft.EntityFrameworkCore.ChangeTracking.Internal.StateManager.SaveChanges(StateManager stateManager, Boolean acceptAllChangesOnSuccess)
   at Microsoft.EntityFrameworkCore.ChangeTracking.Internal.StateManager.<>c.<SaveChanges>b__112_0(DbContext _, ValueTuple`2 t)
   at Microsoft.EntityFrameworkCore.Storage.NonRetryingExecutionStrategy.Execute[TState,TResult](TState state, Func`3 operation, Func`3 verifySucceeded)
   at Microsoft.EntityFrameworkCore.ChangeTracking.Internal.StateManager.SaveChanges(Boolean acceptAllChangesOnSuccess)
   at Microsoft.EntityFrameworkCore.DbContext.SaveChanges(Boolean acceptAllChangesOnSuccess)
   at Microsoft.EntityFrameworkCore.DbContext.SaveChanges()
   at CinemaAPI.Benchmarks.RatingsControllerBenchmarks.SeedData(DatabaseContext context) in c:\directory-git\ktits-repository-4\CinemaProject\CinemaAPI.Benchmarks\RatingsControllerBenchmarks.cs:line 128
   at CinemaAPI.Benchmarks.RatingsControllerBenchmarks.CreateContext() in c:\directory-git\ktits-repository-4\CinemaProject\CinemaAPI.Benchmarks\RatingsControllerBenchmarks.cs:line 47
   at CinemaAPI.Benchmarks.RatingsControllerBenchmarks.IterationSetup() in c:\directory-git\ktits-repository-4\CinemaProject\CinemaAPI.Benchmarks\RatingsControllerBenchmarks.cs:line 36
   at BenchmarkDotNet.Engines.Engine.RunIteration(IterationData data)
   at BenchmarkDotNet.Engines.EngineFactory.Jit(Engine engine, Int32 jitIndex, Int32 invokeCount, Int32 unrollFactor)
   at BenchmarkDotNet.Engines.EngineFactory.CreateReadyToRun(EngineParameters engineParameters)
   at BenchmarkDotNet.Autogenerated.Runnable_17.Run(IHost host, String benchmarkName) in c:\directory-git\ktits-repository-4\CinemaProject\CinemaAPI.Benchmarks\bin\Release\net8.0\473013fa-8f6c-4235-b64a-ad748298b921\473013fa-8f6c-4235-b64a-ad748298b921.notcs:line 3116
   at System.RuntimeMethodHandle.InvokeMethod(Object target, Void** arguments, Signature sig, Boolean isConstructor)
   at System.Reflection.MethodBaseInvoker.InvokeDirectByRefWithFewArgs(Object obj, Span`1 copyOfArgs, BindingFlags invokeAttr)
   --- End of inner exception stack trace ---
   at System.Reflection.MethodBaseInvoker.InvokeDirectByRefWithFewArgs(Object obj, Span`1 copyOfArgs, BindingFlags invokeAttr)
   at System.Reflection.MethodBaseInvoker.InvokeWithFewArgs(Object obj, BindingFlags invokeAttr, Binder binder, Object[] parameters, CultureInfo culture)
   at System.Reflection.MethodBase.Invoke(Object obj, Object[] parameters)
   at BenchmarkDotNet.Autogenerated.UniqueProgramName.AfterAssemblyLoadingAttached(String[] args) in c:\directory-git\ktits-repository-4\CinemaProject\CinemaAPI.Benchmarks\bin\Release\net8.0\473013fa-8f6c-4235-b64a-ad748298b921\473013fa-8f6c-4235-b64a-ad748298b921.notcs:line 57
// AfterAll
No Workload Results were obtained from the run.
// Benchmark Process 23940 has exited with code -1.

// ** Remained 2 (10.0%) benchmark(s) to run. Estimated finish 2026-03-25 10:58 (0h 0m from now) **
Setup power plan (GUID: 8c5e7fda-e8bf-4a96-9a85-a6e23a8c635c FriendlyName: High performance)
// **************************
// Benchmark: RatingsControllerBenchmarks.DeleteRating: ShortRun(InvocationCount=1, IterationCount=3, LaunchCount=1, UnrollFactor=1, WarmupCount=1)
// *** Execute ***
// Launch: 1 / 1
// Execute: dotnet 473013fa-8f6c-4235-b64a-ad748298b921.dll --anonymousPipes 1964 1972 --benchmarkName CinemaAPI.Benchmarks.RatingsControllerBenchmarks.DeleteRating --job ShortRun --benchmarkId 18 in c:\directory-git\ktits-repository-4\CinemaProject\CinemaAPI.Benchmarks\bin\Release\net8.0\473013fa-8f6c-4235-b64a-ad748298b921\bin\Release\net8.0
// BeforeAnythingElse

// Benchmark Process Environment Information:
// BenchmarkDotNet v0.13.12
// Runtime=.NET 8.0.24 (8.0.2426.7010), X64 RyuJIT AVX2
// GC=Concurrent Workstation
// HardwareIntrinsics=AVX2,AES,BMI1,BMI2,FMA,LZCNT,PCLMUL,POPCNT VectorSize=256
// Job: ShortRun(InvocationCount=1, IterationCount=3, LaunchCount=1, UnrollFactor=1, WarmupCount=1)

OverheadJitting  1: 1 op, 195700.00 ns, 195.7000 us/op

System.Reflection.TargetInvocationException: Exception has been thrown by the target of an invocation.
 ---> System.ArgumentException: An item with the same key has already been added. Key: 1
   at System.Collections.Generic.Dictionary`2.TryInsert(TKey key, TValue value, InsertionBehavior behavior)
   at System.Collections.Generic.Dictionary`2.Add(TKey key, TValue value)
   at Microsoft.EntityFrameworkCore.InMemory.Storage.Internal.InMemoryTable`1.Create(IUpdateEntry entry, IDiagnosticsLogger`1 updateLogger)
   at Microsoft.EntityFrameworkCore.InMemory.Storage.Internal.InMemoryStore.ExecuteTransaction(IList`1 entries, IDiagnosticsLogger`1 updateLogger)
   at Microsoft.EntityFrameworkCore.InMemory.Storage.Internal.InMemoryDatabase.SaveChanges(IList`1 entries)
   at Microsoft.EntityFrameworkCore.ChangeTracking.Internal.StateManager.SaveChanges(IList`1 entriesToSave)
   at Microsoft.EntityFrameworkCore.ChangeTracking.Internal.StateManager.SaveChanges(StateManager stateManager, Boolean acceptAllChangesOnSuccess)
   at Microsoft.EntityFrameworkCore.ChangeTracking.Internal.StateManager.<>c.<SaveChanges>b__112_0(DbContext _, ValueTuple`2 t)
   at Microsoft.EntityFrameworkCore.Storage.NonRetryingExecutionStrategy.Execute[TState,TResult](TState state, Func`3 operation, Func`3 verifySucceeded)
   at Microsoft.EntityFrameworkCore.ChangeTracking.Internal.StateManager.SaveChanges(Boolean acceptAllChangesOnSuccess)
   at Microsoft.EntityFrameworkCore.DbContext.SaveChanges(Boolean acceptAllChangesOnSuccess)
   at Microsoft.EntityFrameworkCore.DbContext.SaveChanges()
   at CinemaAPI.Benchmarks.RatingsControllerBenchmarks.SeedData(DatabaseContext context) in c:\directory-git\ktits-repository-4\CinemaProject\CinemaAPI.Benchmarks\RatingsControllerBenchmarks.cs:line 128
   at CinemaAPI.Benchmarks.RatingsControllerBenchmarks.CreateContext() in c:\directory-git\ktits-repository-4\CinemaProject\CinemaAPI.Benchmarks\RatingsControllerBenchmarks.cs:line 47
   at CinemaAPI.Benchmarks.RatingsControllerBenchmarks.IterationSetup() in c:\directory-git\ktits-repository-4\CinemaProject\CinemaAPI.Benchmarks\RatingsControllerBenchmarks.cs:line 36
   at BenchmarkDotNet.Engines.Engine.RunIteration(IterationData data)
   at BenchmarkDotNet.Engines.EngineFactory.Jit(Engine engine, Int32 jitIndex, Int32 invokeCount, Int32 unrollFactor)
   at BenchmarkDotNet.Engines.EngineFactory.CreateReadyToRun(EngineParameters engineParameters)
   at BenchmarkDotNet.Autogenerated.Runnable_18.Run(IHost host, String benchmarkName) in c:\directory-git\ktits-repository-4\CinemaProject\CinemaAPI.Benchmarks\bin\Release\net8.0\473013fa-8f6c-4235-b64a-ad748298b921\473013fa-8f6c-4235-b64a-ad748298b921.notcs:line 3288
   at System.RuntimeMethodHandle.InvokeMethod(Object target, Void** arguments, Signature sig, Boolean isConstructor)
   at System.Reflection.MethodBaseInvoker.InvokeDirectByRefWithFewArgs(Object obj, Span`1 copyOfArgs, BindingFlags invokeAttr)
   --- End of inner exception stack trace ---
   at System.Reflection.MethodBaseInvoker.InvokeDirectByRefWithFewArgs(Object obj, Span`1 copyOfArgs, BindingFlags invokeAttr)
   at System.Reflection.MethodBaseInvoker.InvokeWithFewArgs(Object obj, BindingFlags invokeAttr, Binder binder, Object[] parameters, CultureInfo culture)
   at System.Reflection.MethodBase.Invoke(Object obj, Object[] parameters)
   at BenchmarkDotNet.Autogenerated.UniqueProgramName.AfterAssemblyLoadingAttached(String[] args) in c:\directory-git\ktits-repository-4\CinemaProject\CinemaAPI.Benchmarks\bin\Release\net8.0\473013fa-8f6c-4235-b64a-ad748298b921\473013fa-8f6c-4235-b64a-ad748298b921.notcs:line 57
// AfterAll
No Workload Results were obtained from the run.
// Benchmark Process 26364 has exited with code -1.

// ** Remained 1 (5.0%) benchmark(s) to run. Estimated finish 2026-03-25 10:58 (0h 0m from now) **
Setup power plan (GUID: 8c5e7fda-e8bf-4a96-9a85-a6e23a8c635c FriendlyName: High performance)
// **************************
// Benchmark: RatingsControllerBenchmarks.GetMyRatingForFilm: ShortRun(InvocationCount=1, IterationCount=3, LaunchCount=1, UnrollFactor=1, WarmupCount=1)
// *** Execute ***
// Launch: 1 / 1
// Execute: dotnet 473013fa-8f6c-4235-b64a-ad748298b921.dll --anonymousPipes 1316 1876 --benchmarkName CinemaAPI.Benchmarks.RatingsControllerBenchmarks.GetMyRatingForFilm --job ShortRun --benchmarkId 19 in c:\directory-git\ktits-repository-4\CinemaProject\CinemaAPI.Benchmarks\bin\Release\net8.0\473013fa-8f6c-4235-b64a-ad748298b921\bin\Release\net8.0
// BeforeAnythingElse

// Benchmark Process Environment Information:
// BenchmarkDotNet v0.13.12
// Runtime=.NET 8.0.24 (8.0.2426.7010), X64 RyuJIT AVX2
// GC=Concurrent Workstation
// HardwareIntrinsics=AVX2,AES,BMI1,BMI2,FMA,LZCNT,PCLMUL,POPCNT VectorSize=256
// Job: ShortRun(InvocationCount=1, IterationCount=3, LaunchCount=1, UnrollFactor=1, WarmupCount=1)

OverheadJitting  1: 1 op, 206500.00 ns, 206.5000 us/op

System.Reflection.TargetInvocationException: Exception has been thrown by the target of an invocation.
 ---> System.ArgumentException: An item with the same key has already been added. Key: 1
   at System.Collections.Generic.Dictionary`2.TryInsert(TKey key, TValue value, InsertionBehavior behavior)
   at System.Collections.Generic.Dictionary`2.Add(TKey key, TValue value)
   at Microsoft.EntityFrameworkCore.InMemory.Storage.Internal.InMemoryTable`1.Create(IUpdateEntry entry, IDiagnosticsLogger`1 updateLogger)
   at Microsoft.EntityFrameworkCore.InMemory.Storage.Internal.InMemoryStore.ExecuteTransaction(IList`1 entries, IDiagnosticsLogger`1 updateLogger)
   at Microsoft.EntityFrameworkCore.InMemory.Storage.Internal.InMemoryDatabase.SaveChanges(IList`1 entries)
   at Microsoft.EntityFrameworkCore.ChangeTracking.Internal.StateManager.SaveChanges(IList`1 entriesToSave)
   at Microsoft.EntityFrameworkCore.ChangeTracking.Internal.StateManager.SaveChanges(StateManager stateManager, Boolean acceptAllChangesOnSuccess)
   at Microsoft.EntityFrameworkCore.ChangeTracking.Internal.StateManager.<>c.<SaveChanges>b__112_0(DbContext _, ValueTuple`2 t)
   at Microsoft.EntityFrameworkCore.Storage.NonRetryingExecutionStrategy.Execute[TState,TResult](TState state, Func`3 operation, Func`3 verifySucceeded)
   at Microsoft.EntityFrameworkCore.ChangeTracking.Internal.StateManager.SaveChanges(Boolean acceptAllChangesOnSuccess)
   at Microsoft.EntityFrameworkCore.DbContext.SaveChanges(Boolean acceptAllChangesOnSuccess)
   at Microsoft.EntityFrameworkCore.DbContext.SaveChanges()
   at CinemaAPI.Benchmarks.RatingsControllerBenchmarks.SeedData(DatabaseContext context) in c:\directory-git\ktits-repository-4\CinemaProject\CinemaAPI.Benchmarks\RatingsControllerBenchmarks.cs:line 128
   at CinemaAPI.Benchmarks.RatingsControllerBenchmarks.CreateContext() in c:\directory-git\ktits-repository-4\CinemaProject\CinemaAPI.Benchmarks\RatingsControllerBenchmarks.cs:line 47
   at CinemaAPI.Benchmarks.RatingsControllerBenchmarks.IterationSetup() in c:\directory-git\ktits-repository-4\CinemaProject\CinemaAPI.Benchmarks\RatingsControllerBenchmarks.cs:line 36
   at BenchmarkDotNet.Engines.Engine.RunIteration(IterationData data)
   at BenchmarkDotNet.Engines.EngineFactory.Jit(Engine engine, Int32 jitIndex, Int32 invokeCount, Int32 unrollFactor)
   at BenchmarkDotNet.Engines.EngineFactory.CreateReadyToRun(EngineParameters engineParameters)
   at BenchmarkDotNet.Autogenerated.Runnable_19.Run(IHost host, String benchmarkName) in c:\directory-git\ktits-repository-4\CinemaProject\CinemaAPI.Benchmarks\bin\Release\net8.0\473013fa-8f6c-4235-b64a-ad748298b921\473013fa-8f6c-4235-b64a-ad748298b921.notcs:line 3460
   at System.RuntimeMethodHandle.InvokeMethod(Object target, Void** arguments, Signature sig, Boolean isConstructor)
   at System.Reflection.MethodBaseInvoker.InvokeDirectByRefWithFewArgs(Object obj, Span`1 copyOfArgs, BindingFlags invokeAttr)
   --- End of inner exception stack trace ---
   at System.Reflection.MethodBaseInvoker.InvokeDirectByRefWithFewArgs(Object obj, Span`1 copyOfArgs, BindingFlags invokeAttr)
   at System.Reflection.MethodBaseInvoker.InvokeWithFewArgs(Object obj, BindingFlags invokeAttr, Binder binder, Object[] parameters, CultureInfo culture)
   at System.Reflection.MethodBase.Invoke(Object obj, Object[] parameters)
   at BenchmarkDotNet.Autogenerated.UniqueProgramName.AfterAssemblyLoadingAttached(String[] args) in c:\directory-git\ktits-repository-4\CinemaProject\CinemaAPI.Benchmarks\bin\Release\net8.0\473013fa-8f6c-4235-b64a-ad748298b921\473013fa-8f6c-4235-b64a-ad748298b921.notcs:line 57
// AfterAll
No Workload Results were obtained from the run.
// Benchmark Process 24472 has exited with code -1.

// ** Remained 0 (0.0%) benchmark(s) to run. Estimated finish 2026-03-25 10:58 (0h 0m from now) **
Successfully reverted power plan (GUID: 8c5e7fda-e8bf-4a96-9a85-a6e23a8c635c FriendlyName: High performance)
// ***** BenchmarkRunner: Finish  *****

// * Export *
  BenchmarkDotNet.Artifacts\results\CinemaAPI.Benchmarks.RatingsControllerBenchmarks-report.csv
  BenchmarkDotNet.Artifacts\results\CinemaAPI.Benchmarks.RatingsControllerBenchmarks-report-github.md
  BenchmarkDotNet.Artifacts\results\CinemaAPI.Benchmarks.RatingsControllerBenchmarks-report.html
  BenchmarkDotNet.Artifacts\results\CinemaAPI.Benchmarks.RatingsControllerBenchmarks-report-default.md

// * Detailed results *
RatingsControllerBenchmarks.GetAllRatings: ShortRun(InvocationCount=1, IterationCount=3, LaunchCount=1, UnrollFactor=1, WarmupCount=1)
Runtime = .NET 8.0.24 (8.0.2426.7010), X64 RyuJIT AVX2; GC = Concurrent Workstation
There are not any results runs

RatingsControllerBenchmarks.GetRatingById: ShortRun(InvocationCount=1, IterationCount=3, LaunchCount=1, UnrollFactor=1, WarmupCount=1)
Runtime = .NET 8.0.24 (8.0.2426.7010), X64 RyuJIT AVX2; GC = Concurrent Workstation
There are not any results runs

RatingsControllerBenchmarks.CreateRating: ShortRun(InvocationCount=1, IterationCount=3, LaunchCount=1, UnrollFactor=1, WarmupCount=1)
Runtime = .NET 8.0.24 (8.0.2426.7010), X64 RyuJIT AVX2; GC = Concurrent Workstation
There are not any results runs

RatingsControllerBenchmarks.UpdateRating: ShortRun(InvocationCount=1, IterationCount=3, LaunchCount=1, UnrollFactor=1, WarmupCount=1)
Runtime = .NET 8.0.24 (8.0.2426.7010), X64 RyuJIT AVX2; GC = Concurrent Workstation
There are not any results runs

RatingsControllerBenchmarks.DeleteRating: ShortRun(InvocationCount=1, IterationCount=3, LaunchCount=1, UnrollFactor=1, WarmupCount=1)
Runtime = .NET 8.0.24 (8.0.2426.7010), X64 RyuJIT AVX2; GC = Concurrent Workstation
There are not any results runs

RatingsControllerBenchmarks.GetMyRatingForFilm: ShortRun(InvocationCount=1, IterationCount=3, LaunchCount=1, UnrollFactor=1, WarmupCount=1)
Runtime = .NET 8.0.24 (8.0.2426.7010), X64 RyuJIT AVX2; GC = Concurrent Workstation
There are not any results runs

// * Summary *

BenchmarkDotNet v0.13.12, Windows 11 (10.0.22631.6199/23H2/2023Update/SunValley3)
AMD Ryzen 5 5600H with Radeon Graphics, 1 CPU, 12 logical and 6 physical cores
.NET SDK 10.0.103
  [Host]   : .NET 8.0.24 (8.0.2426.7010), X64 RyuJIT AVX2
  ShortRun : .NET 8.0.24 (8.0.2426.7010), X64 RyuJIT AVX2

Job=ShortRun  InvocationCount=1  IterationCount=3  
LaunchCount=1  UnrollFactor=1  WarmupCount=1  

| Method             | Mean | Error |
|------------------- |-----:|------:|
| GetAllRatings      |   NA |    NA |
| GetRatingById      |   NA |    NA |
| CreateRating       |   NA |    NA |
| UpdateRating       |   NA |    NA |
| DeleteRating       |   NA |    NA |
| GetMyRatingForFilm |   NA |    NA |

Benchmarks with issues:
  RatingsControllerBenchmarks.GetAllRatings: ShortRun(InvocationCount=1, IterationCount=3, LaunchCount=1, UnrollFactor=1, WarmupCount=1)
  RatingsControllerBenchmarks.GetRatingById: ShortRun(InvocationCount=1, IterationCount=3, LaunchCount=1, UnrollFactor=1, WarmupCount=1)
  RatingsControllerBenchmarks.CreateRating: ShortRun(InvocationCount=1, IterationCount=3, LaunchCount=1, UnrollFactor=1, WarmupCount=1)
  RatingsControllerBenchmarks.UpdateRating: ShortRun(InvocationCount=1, IterationCount=3, LaunchCount=1, UnrollFactor=1, WarmupCount=1)
  RatingsControllerBenchmarks.DeleteRating: ShortRun(InvocationCount=1, IterationCount=3, LaunchCount=1, UnrollFactor=1, WarmupCount=1)
  RatingsControllerBenchmarks.GetMyRatingForFilm: ShortRun(InvocationCount=1, IterationCount=3, LaunchCount=1, UnrollFactor=1, WarmupCount=1)

// * Warnings *
Environment
  Summary -> Detected error exit code from one of the benchmarks. It might be caused by following antivirus software:
        - Windows Defender (windowsdefender://)
Use InProcessEmitToolchain or InProcessNoEmitToolchain to avoid new process creation.

// * Config Issues *

// * Warnings *
Configuration
  Summary -> The exporter MarkdownExporter-github is already present in configuration. There may be unexpected results.
  Summary -> The exporter HtmlExporter is already present in configuration. There may be unexpected results.
  Summary -> The exporter HtmlExporter is already present in configuration. There may be unexpected results.

// * Legends *
  Mean  : Arithmetic mean of all measurements
  Error : Half of 99.9% confidence interval
  1 ns  : 1 Nanosecond (0.000000001 sec)

// * Diagnostic Output - MemoryDiagnoser *


// ***** BenchmarkRunner: End *****
Run time: 00:00:04 (4.05 sec), executed benchmarks: 6

Global total time: 00:00:22 (22.16 sec), executed benchmarks: 20
// * Artifacts cleanup *
Artifacts cleanup is finished
